{
//"spider":"https://agit.ai/Yoursmile7/TVBox/raw/branch/master/Yoursmile.jar",
"spider":"./JAR/Yoursmile.jar",
"lives":[{"group":"redirect","channels":[{"name":"redirect","urls":["proxy://do=live&type=txt&ext=Y2xhbjovL3R2Ym94L3R2L2xpdmUudHh0"]}]}],
"wallpaper":"http://maoyingshi.cc/api.php",

"sites":[


{"key":"csp_Kunyu77","name":"七七〔SP〕","type":3,"api":"csp_Kunyu77","searchable":1,"quickSearch":1,"filterable":1},
{"key":"csp_Lib","name":"LIBVIO〔SP〕","type":3,"api":"csp_Lib","searchable":1,"quickSearch":1,"filterable":1},
{"key":"csp_AppTT","name":"图图影视〔SP〕","type":3,"api":"csp_AppTT","searchable":1,"quickSearch":1,"filterable":1,"ext":"http://43.154.35.148:9797/api/tutuapp.php"},
{"key":"AppTT","name":"图图影视〔ts〕","type":"3","api":"csp_Dora","searchable":"1","quickSearch":"1","filterable":"1","ext":"110c922de7d69804467fb83d3bb664b5","jar":"./JAR/cs.jar"},
{"key":"csp_Czsapp","name":"厂长资源〔SP〕","type":3,"api":"csp_Czsapp","searchable":1,"quickSearch":1,"filterable":1},
{"key":"Czsapp","name":"厂长资源〔ts〕","type":"3","api":"csp_Dora","searchable":"1","quickSearch":"1","filterable":"1","ext":"8ee655f702d0d21f3643504783babbc3","jar":"./JAR/cs.jar"},
{"key":"一起看","name":"一起看〔ts〕","type":"3","api":"csp_Dora","searchable":"1","quickSearch":"1","filterable":"1","ext":"8e3aefcba838d8dc5102ac786719d837","jar":"./JAR/cs.jar"},
{"key":"csp_LiteApple","name":"小苹果〔SP〕","type":3,"api":"csp_LiteApple","searchable":1,"quickSearch":1,"filterable":1},
{"key":"csp_Nmys","name":"农民影视〔SP〕","type":3,"api":"csp_Nmys","searchable":1,"quickSearch":1,"filterable":1,"ext":"./XP/nongminyingshi.json"},
{"key":"csp_Kuaikan","name":"快看〔SP〕","type":3,"api":"csp_Kuaikan","searchable":1,"quickSearch":1,"filterable":1},
{"key":"csp_ZJMiao","name":"追剧喵〔SP〕","type":3,"api":"csp_ZJMiao","searchable":1,"quickSearch":1,"filterable":1},
{"key":"csp_Lezhu","name":"乐猪影视〔SP〕","api":"csp_Lezhu","type":3,"filterable":1,"quickSearch":1,"searchable":1},
{"key":"csp_Bttoo","name":"两个BT〔SP〕","type":3,"api":"csp_Bttoo","searchable":1,"quickSearch":1,"filterable":1},
{"key":"csp_Auete","name":"Auete〔SP〕","type":3,"api":"csp_Auete","searchable":1,"quickSearch":1,"filterable":1},
{"key":"csp_Bdys","name":"哔嘀影视〔SP〕","type":3,"api":"csp_Bdys01","searchable":1,"quickSearch":1,"filterable":1},
{"key":"csp_Mjxq","name":"美剧星球〔SP〕","type":3,"api":"csp_Mjxq","searchable":1,"quickSearch":1,"filterable":1},
{"key":"csp_Lib","name":"LIBVIO〔SP〕","type":3,"api":"csp_Lib","searchable":1,"quickSearch":1,"filterable":1},
{"key":"csp_SP360","name":"360〔SP〕","type":3,"api":"csp_SP360","searchable":1,"quickSearch":1,"filterable":1},
{"key":"剧荒TV","name":"剧荒TV〔SP〕","type":3,"api":"csp_Juhuang","searchable":1,"quickSearch":1,"filterable":1},
{"key":"csp_Nkdy","name":"南柯〔SP〕","type":3,"api":"csp_Nkdy","searchable":1,"quickSearch":1,"filterable":1},
{"key":"csp_Ysgc","name":"影视工厂〔SP〕","type":3,"api":"csp_Ysgc","searchable":1,"quickSearch":1,"filterable":1},
{"key":"csp_Dy1010","name":"双十〔SP〕","type":3,"api":"csp_Dy1010","searchable":1,"quickSearch":1,"filterable":1},
{"key":"csp_fant","name":"饭团〔SP〕","api":"csp_Fantuan","type":3,"filterable":1,"quickSearch":1,"searchable":1},
{"key":"Yanet","name":"鸭奈飞〔SP〕","type":3,"api":"csp_Dora","searchable":1,"quickSearch":1,"filterable":1,"ext":"a369b1f623fe86605f1b029f0cf66349","jar":"./JAR/cs.jar"},
{"key":"Pang","name":"胖虎〔SP〕","type":"3","api":"csp_Dora","searchable":"1","quickSearch":"1","filterable":"1","ext":"c41fdb671b20925c76fa9b6ff8bad027","jar":"./JAR/cs.jar"},
{"key":"Tian","name":"天天〔SP〕","type":"3","api":"csp_Dora","searchable":"1","quickSearch":"1","filterable":"1","ext":"bdc1c75081e5e477189a463baa47e392","jar":"./JAR/cs.jar"},
{"key":"csp_Smdyy","name":"神马影院〔SP〕","type":3,"api":"csp_Smdyy","searchable":1,"quickSearch":1,"filterable":1},
{"key":"csp_IKan","name":"爱看〔SP〕","type":3,"api": "csp_Dora","searchable": 1,"quickSearch": 1,"filterable":1,"ext":"a4ce9a4ba7d4f4bced2ff9dfc4ab4e50","jar":"./JAR/cs.jar"},
{"key":"cap_Zjdr","name":"追剧达人〔SP〕","type":3,"api":"csp_Zjdr","searchable":1,"quickSearch":1,"filterable":1},
{"key":"csp_Cokemv","name":"Cokemv〔SP〕","type":3,"api":"csp_Cokemv","searchable":1,"quickSearch":1,"filterable":1},
{"key":"csp_Ddrk","name":"低端影视〔SP〕","type":3,"api":"csp_Ddrk","searchable":1,"quickSearch":1,"filterable":1,"click":"ddys.tv;#vjsp > button"},
{"key":"csp_Lgyy","name":"蓝光影院〔SP〕","type":3,"api":"csp_Lgyy","searchable":1,"quickSearch":1,"filterable":1},
{"key":"Gitcafe","name":"小纸条〔ts〕","type":3,"api":"csp_Gitcafe","searchable":1,"quickSearch":1,"filterable":1,"ext":"https://ghproxy.com/https://raw.githubusercontent.com/Pandora2277/box/main/token.txt","jar":"./JAR/cs.jar"},
{"key":"csp_Bili","name":"哔哩套餐〔SP〕","type":3,"api":"csp_Bili","searchable":1,"quickSearch":1,"filterable":1,"ext":"./XB/哔哩哔哩.json"},
{"key":"csp_Yj1211","name":"️直播合集〔SP〕","type":3,"api":"csp_Yj1211","searchable":1,"quickSearch":1,"filterable":1},
{"key":"csp_Anime1","name":"动漫〔SP〕","type":3,"api":"csp_Anime1","searchable":1,"quickSearch":1,"filterable":1},
{"key":"csp_Dm84","name":"动漫巴士〔SP〕","type":3,"api":"csp_Dm84","searchable":1,"quickSearch":1,"filterable":1},
{"key":"csp_Anfuns","name":"Anfuns","type":3,"api":"csp_Anfuns","searchable":1,"quickSearch":1,"filterable":1},

{"key":"Tbook","name":"听书网〔SP〕","type":3,"api":"csp_Dora","searchable":1,"quickSearch":1,"filterable":1,"ext":"d16d1517e9eaad9909cb35c55ba0b784","jar":"./JAR/cs.jar"},
{"key":"csp_bendi","name":"本地文件(打开存储权限)","type":3,"api":"csp_LocalFile","searchable":1,"quickSearch":1,"filterable":1,"type_flag":1},
{"key":"csp_Alist","name":"网盘合集(SP)","type":3,"api":"csp_Alist","searchable":1,"quickSearch":1,"filterable":1,"ext":"./XB/Alist.json"},
{"key":"bdys","name":"哔嘀(磁力测试)","type":3,"api":"csp_XPbd","searchable":1,"quickSearch":1,"filterable":1,"ext":"./XP/bdys.json"},

{"key":"douban","name":"豆瓣荐片(T4)","type":4,"api":"https://service-la7b1xlw-1308372858.gz.apigw.tencentcs.com/release/vod","searchable":1,"quickSearch":1,"filterable":1},
{"key":"T4_douban","name":"影视推荐(T4)","type":4,"api":"http://top.fuqizhishi.com/vod","searchable":1,"quickSearch":1,"filterable":1},

{"key":"csp_xBPQ_100影视","name":"100影视","type":3,"api":"csp_xBPQ","searchable":1,"quickSearch":1,"filterable":1,"ext":"./xBPQ/100影视.json"},

{"key":"csp_xBPQ_360影视","name":"360影视","type":3,"api":"csp_xBPQ","searchable":1,"quickSearch":1,"filterable":1,"ext":"./xBPQ/360影视.json"},

{"key":"csp_xBPQ_番茄影视","name":"番茄影视","type":3,"api":"csp_xBPQ","searchable":1,"quickSearch":1,"filterable":1,"ext":"./xBPQ/番茄影视.json"},

{"key":"乐猪影视","name":"乐猪影视","type":3,"api":"csp_xBPQ","searchable":1,"quickSearch":1,"filterable":1,"ext":"./xBPQ/乐猪影视.json"},

{"key":"csp_xBPQ_口袋影院","name":"口袋影院","type":3,"api":"csp_xBPQ","searchable":1,"quickSearch":1,"filterable":1,"ext":"./xBPQ/口袋影院.json"},

{"key":"csp_xBPQ_花猫TV","name":"花猫TV","type":3,"api":"csp_xBPQ","searchable":1,"quickSearch":1,"filterable":1,"ext":"./xBPQ/花猫TV.json"},

{"key":"csp_xBPQ_看戏影视","name":"看戏影视","type":3,"api":"csp_xBPQ","searchable":1,"quickSearch":1,"filterable":1,"ext":"./xBPQ/看戏影视.json"},

{"key":"csp_xBPQ_鸭奈飞影视","name":"鸭奈飞影视","type":3,"api":"csp_xBPQ","searchable":1,"quickSearch":1,"filterable":1,
"ext":"./xBPQ/鸭奈飞影视.json"},

{"key":"csp_xBPQ_创意影视","name":"创意影视","type":3,"api":"csp_xBPQ","searchable":1,"quickSearch":1,"filterable":1,
"ext":"./xBPQ/创意影视.json"},

{"key":"csp_xBPQ_诺讯影视","name":"诺讯影视","type":3,"api":"csp_xBPQ","searchable":1,"quickSearch":1,"filterable":1,"ext":"./xBPQ/诺讯影视.json"},

{"key":"csp_xBPQ_北川影视","name":"北川影视","type":3,"api":"csp_xBPQ","searchable":1,"quickSearch":1,"filterable":1,
"ext":"./xBPQ/北川影视.json"},

{"key":"csp_xBPQ_兰花影院","name":"兰花影院","type":3,"api":"csp_xBPQ","searchable":1,"quickSearch":1,"filterable":1,"ext":"./xBPQ/兰花影院.json"},

{"key":"csp_xBPQ_剧迷影视","name":"剧迷影视","type":3,"api":"csp_xBPQ","searchable":1,"quickSearch":1,"filterable":1,"ext":"./xBPQ/剧迷影视.json"},

{"key":"csp_xBPQ_剧迷线上看","name":"剧迷线上看","type":3,"api":"csp_xBPQ","searchable":1,"quickSearch":1,"filterable":1,"ext":"./xBPQ/剧迷线上看.json"},

{"key":"csp_xBPQ_爱酷影视","name":"爱酷影视","type":3,"api":"csp_xBPQ","searchable":1,"quickSearch":1,"filterable":1,"ext":"./xBPQ/爱酷影视.json"},

{"key":"csp_xBPQ_溪谷影视","name":"溪谷影视","type":3,"api":"csp_xBPQ","searchable":1,"quickSearch":1,"filterable":1,"ext":"./xBPQ/溪谷影视.json"},

{"key":"csp_xBPQ_255TV影视","name":"255TV影视","type":3,"api":"csp_xBPQ","searchable":1,"quickSearch":1,"filterable":1,"ext":"./xBPQ/255TV影视.json"},

{"key":"csp_xBPQ_素白白","name":"素白白","type":3,"api":"csp_xBPQ","searchable":1,"quickSearch":1,"filterable":1,
"ext":"./xBPQ/素白白.json"},

{"key":"csp_xBPQ_188影视","name":"188影视","type":3,"api":"csp_xBPQ","searchable":1,"quickSearch":1,"filterable":1,"ext":"./xBPQ/188影视.json"},

{"key":"csp_xBPQ_在线之家","name":"在线之家","type":3,"api":"csp_xBPQ","searchable":1,"quickSearch":1,"filterable":1,"ext":"./xBPQ/在线之家.json"},

{"key":"csp_xBPQ_在线189","name":"在线189","type":3,"api":"csp_xBPQ","searchable":1,"quickSearch":1,"filterable":1,"ext":"./xBPQ/在线189.json"},

{"key":"csp_xBPQ_视觉影院","name":"视觉影院","type":3,"api":"csp_xBPQ","searchable":1,"quickSearch":1,"filterable":1,"ext":"./xBPQ/视觉影院.json"},

{"key":"csp_xBPQ_核桃影院","name":"核桃影院","type":3,"api":"csp_xBPQ","searchable":1,"quickSearch":1,"filterable":1,"ext":"./xBPQ/核桃影院.json"},

{"key":"csp_xBPQ_小猫咪","name":"小猫咪","type":3,"api":"csp_xBPQ","searchable":1,"quickSearch":1,"filterable":1,
"ext":"./xBPQ/小猫咪.json"},

{"key":"csp_xBPQ_RENPE","name":"RENPE","type":3,"api":"csp_xBPQ","searchable":1,"quickSearch":1,"filterable":1,
"ext":"./xBPQ/RENPE.json"},

{"key":"csp_xBPQ_UM影院","name":"UM影院","type":3,"api":"csp_xBPQ","searchable":1,"quickSearch":1,"filterable":1,
"ext":"./xBPQ/UM影院.json"},

{"key":"csp_xBPQ_23影视","name":"23影视","type":3,"api":"csp_xBPQ","searchable":1,"quickSearch":1,"filterable":1,"ext":"./xBPQ/23影视.json"},

{"key":"石榴电影","name":"石榴电影","type":3,"api":"csp_xBPQ","searchable":1,"quickSearch":1,"filterable":1,"ext":"./xBPQ/石榴电影.json"},

{"key":"南柯电影网","name":"南柯电影网","type":3,"api":"csp_xBPQ","searchable":1,"quickSearch":1,"filterable":1,"ext":"./xBPQ/南柯电影网.json"},

{"key":"csp_xBPQ_人人影视","name":"人人影视","type":3,"api":"csp_xBPQ","searchable":1,"quickSearch":1,"filterable":1,"ext":"./xBPQ/人人影视.json"},

{"key":"csp_xBPQ_神马影院","name":"神马影院","type":3,"api":"csp_xBPQ","searchable":1,"quickSearch":1,"filterable":1,"ext":"./xBPQ/神马影院.json"},

{"key":"csp_xBPQ_双十电影","name":"双十电影","type":3,"api":"csp_xBPQ","searchable":1,"quickSearch":1,"filterable":1,"ext":"./xBPQ/双十电影.json"},

{"key":"csp_xBPQ_耐看点播","name":"耐看点播","type":3,"api":"csp_xBPQ","searchable":1,"quickSearch":1,"filterable":1,"ext":"./xBPQ/耐看点播.json"},

{"key":"csp_xBPQ_Nike影视网","name":"Nike影视网","type":3,"api":"csp_xBPQ","searchable":1,"quickSearch":1,"filterable":1,
"ext":"./xBPQ/Nike影视网.json"},

{"key":"csp_xBPQ_FREEOK","name":"FREEOK","type":3,"api":"csp_xBPQ","searchable":1,"quickSearch":1,"filterable":1,
"ext":"./xBPQ/FREEOK.json"},

{"key":"csp_xBPQ_HOHOTV","name":"HOHOTV","type":3,"api":"csp_xBPQ","searchable":1,"quickSearch":1,"filterable":1,
"ext":"./xBPQ/HOHOTV.json"},

{"key":"csp_xBPQ_HDIK","name":"HDIK","type":3,"api":"csp_xBPQ","searchable":1,"quickSearch":1,"filterable":1,
"ext":"./xBPQ/HDIK.json"},

{"key":"csp_xBPQ_voflixHD","name":"VOFLIXHD","type":3,"api":"csp_xBPQ","searchable":1,"quickSearch":1,"filterable":1,"ext":"./xBPQ/voflixHD.json"},

{"key":"csp_xBPQ_LIBVIO","name":"LIBVIO","type":3,"api":"csp_xBPQ","searchable":1,"quickSearch":1,"filterable":1,"ext":"./xBPQ/LIBVIO.json"},

{"key":"csp_xBPQ_COKEMV","name":"COKEMV","type":3,"api":"csp_xBPQ","searchable":1,"quickSearch":1,"filterable":1,"ext":"./xBPQ/COKEMV.json"},

{"key":"csp_xBPQ_蓝光影院","name":"蓝光影院","type":3,"api":"csp_xBPQ","searchable":1,"quickSearch":1,"filterable":1,"ext":"./xBPQ/蓝光影院.json"},

{"key":"csp_xBPQ_爱看影视","name":"爱看影视","type":3,"api":"csp_xBPQ","searchable":1,"quickSearch":1,"filterable":1,"ext":"./xBPQ/爱看影视.json"},

{"key":"csp_xBPQ_影视工厂","name":"影视工厂","type":3,"api":"csp_xBPQ","searchable":1,"quickSearch":1,"filterable":1,"click":"ddys.tv;.vjs-big-play-button","ext":"./xBPQ/影视工厂.json"},

{"key":"csp_xBPQ_不休影院","name":"不休影院","type":3,"api":"csp_xBPQ","searchable":1,"quickSearch":1,"filterable":1,
"ext":"./xBPQ/不休影院.json"},

{"key":"csp_xBPQ_52看剧","name":"52看剧","type":3,"api":"csp_xBPQ","searchable":1,"quickSearch":1,"filterable":1,
"ext":"./xBPQ/52看剧.json"},

{"key":"csp_xBPQ_七小时影院","name":"七小时影院","type":3,"api":"csp_xBPQ","searchable":1,"quickSearch":1,"filterable":1,"ext":"./xBPQ/七小时影院.json"},

{"key":"csp_xBPQ_F7好看剧","name":"F7好看剧","type":3,"api":"csp_xBPQ","searchable":1,"quickSearch":1,"filterable":1,
"ext":"./xBPQ/F7好看剧.json"},

{"key":"csp_xBPQ_皮皮泡影视","name":"皮皮泡影视","type":3,"api":"csp_xBPQ","searchable":1,"quickSearch":1,"filterable":1,
"ext":"./xBPQ/皮皮泡影视.json"},

{"key":"csp_xBPQ_干饭影视","name":"干饭影视","type":3,"api":"csp_xBPQ","searchable":1,"quickSearch":1,"filterable":1,
"ext":"./xBPQ/干饭影视.json"},

{"key":"csp_xBPQ_瓜皮TV","name":"瓜皮TV","type":3,"api":"csp_xBPQ","searchable":1,"quickSearch":1,"filterable":1,"ext":"./xBPQ/瓜皮TV.json"},

{"key":"csp_xBPQ_真不卡影院","name":"真不卡影院","type":3,"api":"csp_xBPQ","searchable":1,"quickSearch":1,"filterable":1,
"ext":"./xBPQ/真不卡影院.json"},

{"key":"csp_xBPQ_小强迷","name":"小强迷","type":3,"api":"csp_xBPQ","searchable":1,"quickSearch":1,"filterable":1,
"ext":"./xBPQ/小强迷.json"},

{"key":"csp_xBPQ-饭团影院","name":"饭团影院","type":3,"api":"csp_xBPQ","searchable":1,"quickSearch":1,"filterable":1,"ext":"./xBPQ/饭团影院.json"},

{"key":"csp_xBPQ-饭团影视HD","name":"饭团影视HD","type":3,"api":"csp_xBPQ","searchable":1,"quickSearch":1,"filterable":1,"ext":"./xBPQ/饭团影视HD.json"},

{"key":"csp_xBPQ_黑洞影视","name":"黑洞影视","type":3,"api":"csp_xBPQ","searchable":1,"quickSearch":1,"filterable":1,
"ext":"./xBPQ/黑洞影视.json"},

{"key":"csp_xBPQ_片吧影院","name":"片吧影院","type":3,"api":"csp_xBPQ","searchable":1,"quickSearch":1,"filterable":1,"ext":"./xBPQ/片吧影院.json"},

{"key":"csp_xBPQ_AB影院","name":"AB影院","type":3,"api":"csp_xBPQ","searchable":1,"quickSearch":1,"filterable":1,"ext":"./xBPQ/AB影院.json"},

{"key":"csp_xBPQ_低端影视","name":"低端影视","type":3,"api":"csp_xBPQ","searchable":1,"quickSearch":1,"filterable":1,"click":"ddys.tv;#vjsp > button","ext":"./xBPQ/低端影视.json"},

{"key":"csp_xBPQ_大米星球","name":"大米星球","type":3,"api":"csp_xBPQ","searchable":1,"quickSearch":1,"filterable":1,
"ext":"./xBPQ/大米星球.json"},

{"key":"csp_xBPQ_歪片星球","name":"歪片星球️","type":3,"api":"csp_xBPQ","searchable":1,"quickSearch":1,"filterable":1,"ext":"./xBPQ/歪片星球.json"},

//{"key":"csp_xBPQ_达达龟","name":"达达龟","type":3,"api":"csp_xBPQ","searchable":1,"quickSearch":1,"filterable":1,"ext":"./xBPQ/达达龟.json"},

{"key":"csp_xBPQ_TVB云播","name":"TVB云播","type":3,"api":"csp_xBPQ","searchable":1,"quickSearch":1,"filterable":1,
"ext":"./xBPQ/TVB云播.json"},

{"key":"csp_xBPQ_莫扎兔","name":"莫扎兔","type":3,"api":"csp_xBPQ","searchable":1,"quickSearch":1,"filterable":1,"ext":"./xBPQ/莫扎兔.json"},

{"key":"csp_xBPQ_APP影院","name":"APP影院","type":3,"api":"csp_xBPQ","searchable":1,"quickSearch":1,"filterable":1,"ext":"./xBPQ/APP影院.json"},

{"key":"csp_xBPQ_疯狗电影","name":"疯狗电影","type":3,"api":"csp_xBPQ","searchable":1,"quickSearch":1,"filterable":1,"ext":"./xBPQ/疯狗电影.json"},

{"key":"csp_xBPQ_城市电影","name":"城市电影","type":3,"api":"csp_xBPQ","searchable":1,"quickSearch":1,"filterable":1,"ext":"./xBPQ/城市电影.json"},

{"key":"csp_xBPQ_农民影视","name":"农民影视","type":3,"api":"csp_xBPQ","searchable":1,"quickSearch":1,"filterable":1,"ext":"./xBPQ/农民影视.json"},

{"key":"csp_xBPQ_牛马TV","name":"牛马TV","type":3,"api":"csp_xBPQ","searchable":1,"quickSearch":1,"filterable":1,"ext":"./xBPQ/牛马TV.json"},

{"key":"csp_xBPQ_热播库","name":"热播库","type":3,"api":"csp_xBPQ","searchable":1,"quickSearch":1,"filterable":1,"ext":"./xBPQ/热播库.json"},

{"key":"csp_xBPQ_快看影视","name":"快看影视","type":3,"api":"csp_xBPQ","searchable":1,"quickSearch":1,"filterable":1,"ext":"./xBPQ/快看影视.json"},

{"key":"csp_xBPQ_胖虎影视","name":"胖虎影视","type":3,"api":"csp_xBPQ","searchable":1,"quickSearch":1,"filterable":1,"ext":"./xBPQ/胖虎影视.json"},

{"key":"csp_xBPQ_看视界","name":"看视界","type":3,"api":"csp_xBPQ","searchable":1,"quickSearch":1,"filterable":1,"ext":"./xBPQ/看视界.json"},

{"key":"csp_xBPQ_黑狐影院","name":"黑狐影院","type":3,"api":"csp_xBPQ","searchable":1,"quickSearch":1,"filterable":1,"ext":"./xBPQ/黑狐影院.json"},

{"key":"csp_xBPQ_极品影视","name":"极品影视","type":3,"api":"csp_xBPQ","searchable":1,"quickSearch":1,"filterable":1,
"ext":"./xBPQ/极品影视.json"},

{"key":"csp_xBPQ_番茄影视","name":"番茄影视","type":3,"api":"csp_xBPQ","searchable":1,"quickSearch":1,"filterable":1,
"ext":"./xBPQ/番茄影视.json"},

{"key":"csp_xBPQ_看了么","name":"看了么","type":3,"api":"csp_xBPQ","searchable":1,"quickSearch":1,"filterable":1,"ext":"./xBPQ/看了么.json"},

{"key":"csp_xBPQ_万能影院","name":"万能影院","type":3,"api":"csp_xBPQ","searchable":1,"quickSearch":1,"filterable":1,"ext":"./xBPQ/万能影院.json"},

{"key":"csp_xBPQ-宝仙HD","name":"宝仙HD️","type":3,"api":"csp_xBPQ","searchable":1,"quickSearch":1,"filterable":1,"ext":"./xBPQ/宝仙HD.json"},

{"key":"csp_xBPQ_电视直播","name":"电视直播","type":3,"api":"csp_xBPQ","searchable":1,"quickSearch":1,"filterable":1,"ext":"./xBPQ/电视直播.json"},

{"key":"csp_xBPQ_豆角网","name":"豆角网","type":3,"api":"csp_xBPQ","searchable":1,"quickSearch":1,"filterable":1,"ext":"./xBPQ/豆角网.json"},

{"key":"csp_xBPQ_秋霞影视","name":"秋霞影视","type":3,"api":"csp_xBPQ","searchable":1,"quickSearch":1,"filterable":1,"ext":"./xBPQ/秋霞影视.json"},

//{"key":"csp_xBPQ_凌云影视","name":"凌云影视","type":3,"api":"csp_xBPQ","searchable":1,"quickSearch":1,"filterable":1,"ext":"./xBPQ/凌云影视.json"},

//{"key":"csp_xBPQ_六度影视","name":"六度影视","type":3,"api":"csp_xBPQ","searchable":1,"quickSearch":1,"filterable":1,"ext":"./xBPQ/六度影视.json"},

//{"key":"csp_xBPQ_1080在线","name":"1080在线","type":3,"api":"csp_xBPQ","searchable":1,"quickSearch":1,"filterable":1,"ext":"./xBPQ/1080在线.json"},

//{"key":"csp_xBPQ_冷曦影视","name":"冷曦影视","type":3,"api":"csp_xBPQ","searchable":1,"quickSearch":1,"filterable":1,"ext":"./xBPQ/冷曦影视.json"},

//{"key":"csp_xBPQ_纽约影院","name":"纽约影院","type":3,"api":"csp_xBPQ","searchable":1,"quickSearch":1,"filterable":1,"ext":"./xBPQ/纽约影院.json"},


{"key":"csp_xBPQ_听书网","name":"听书网️","type":3,"api":"csp_xBPQ","searchable":1,"quickSearch":1,"filterable":1,"ext":"./xBPQ/听书网.json"},




{"key":"天堂资源〔官源〕","name":"天堂资源〔官源〕","type":1,"api":"http://vipmv.cc/api.php/provide/vod/","searchable":1,"quickSearch":1,"categories":["电影","连续剧","综艺","动漫","国产剧","港台剧","日韩剧","欧美剧","动作片","喜剧片","爱情片","科幻片","恐怖片","剧情片","战争片","哔哩哔哩"]},
{"key":"多多资源","name":"多多资源〔官源〕","type":1,"api":"https://www.ddzyz1.com/api.php/provide/vod/?ac=list","searchable":1,"quickSearch":1,"categories":["国产剧","港台剧","日韩剧","欧美剧","泰国剧","动作片","喜剧片","爱情片","科幻片","恐怖片","剧情片","战争片","灾难片","犯罪片","悬疑片","惊悚片","奇幻片","冒险片","武侠片","记录片","伦理","综艺","动漫","动画片","国产动漫","日韩动漫","欧美动漫","海外剧","国内综艺","海外综艺"]},
{"key":"诺讯资源〔官源〕","name":"诺讯资源〔官源〕","type":1,"api":"http://caiji.nxflv.com/api.php/provide/vod/","searchable":1,"quickSearch":1,"categories":["国产剧","港台剧","日韩剧","欧美剧","动作片","喜剧片","爱情片","科幻片","恐怖片","剧情片","战争片","综艺频道","动漫频道","综合频道"]},
{"key":"忆梦","name":"忆梦〔官源〕","type":1,"api":"http://anltv.cn/api.php/provide/vod/","searchable":1,"quickSearch":1,"categories":["国产剧","港台剧","日韩剧","欧美剧","电影(B站)","电视剧(B站)","动作片","喜剧片","爱情片","科幻片","恐怖片","剧情片","战争片","犯罪片","悬疑片","惊悚片","奇幻片","冒险片","武侠片","动漫画","动画","番剧(B站)","国创(B站)","综艺","记录片(B站)","纪录片/微电影"]},
{"key":"木子看剧〔官源〕","name":"木子看剧〔官源〕","type":1,"api":"https://mzkj.maccms.cf/api.php/provide/vod/","searchable":1,"quickSearch":1,"categories":["电影","连续剧","综艺","动漫","哔哩哔哩","直播"]},
{"key":"M3U8资源","name":"M3U8资源〔官源〕","type":1,"api":"https://www.zycaiji.net:7788/api.php/provide/vod/","searchable":1,"quickSearch":1,"categories":["国产剧","港台剧","日韩剧","欧美剧","动作片","喜剧片","爱情片","科幻片","恐怖片","剧情片","战争片","犯罪片","悬疑片","惊悚片","奇幻片","冒险片","记录片","动画片","综艺","动漫","番剧（B站专用）","国创（B站专用）","电影（B站专用）","电视剧（B站专用）"]},




{"key":"快播资源","name":"快播资源〔APP〕","type":1,"api":"http://www.kuaibozy.com/api.php/provide/vod/","searchable":1,"quickSearch":1},
{"key":"csp_appysv2_萌蛋蛋〔APP〕","name":"萌蛋蛋〔APP〕","type":3,"api":"csp_AppYsV2","searchable":1,"quickSearch":1,"filterable":1,"ext":"http://app.mengdandan.com/xgapp.php/v1/"},
{"key":"csp_appysv2_群鑫影视〔APP〕","name":"群鑫影视〔APP〕","type":3,"api":"csp_AppYsV2","searchable":1,"quickSearch":1,"filterable":1,"ext":"http://www.qunxinys.com/api.php/v1.vod"},
{"key":"csp_appysv2_渔渔影视〔APP〕","name":"渔渔影视〔APP〕","type":3,"api":"csp_AppYsV2","searchable":1,"quickSearch":1,"filterable":1,"ext":"http://luobo.yugenye.site/api.php/v1.vod"},
{"key":"影图","name":"影图〔APP〕","type":1,"api":"https://cj.vodimg.top/api.php/provide/vod/","searchable":1,"quickSearch":1},
{"key":"csp_appysv2_万能影院〔APP〕","name":"万能影院〔APP〕","type":3,"api":"csp_AppYsV2","searchable":1,"quickSearch":1,"filterable":1,"ext":"http://app.wnvod.net/lvdou_api.php/v1.vod"},
{"key":"csp_appysv2_淘剧社〔APP〕","name":"淘剧社〔APP〕","type":3,"api":"csp_AppYsV2","searchable":1,"quickSearch":1,"filterable":1,"ext":"https://app.shuhai99.com/api.php/v1.vod"},
{"key":"csp_appysv2_迷你库","name":"迷你库〔APP〕","type":3,"api":"csp_AppYsV2","searchable":1,"quickSearch":1,"filterable":1,"ext":"http://www.miniku.cc/xgapp.php/v1/"},
{"key":"csp_appysv2_筑梦云影视","name":"筑梦云影视〔APP〕","type":3,"api":"csp_AppYsV2","searchable":1,"quickSearch":1,"filterable":1,"ext":"http://wzys.scp00.cn/api.php/v1.vod"},
{"key":"csp_appysv2_一站VIP影视","name":"一站VIP影视〔APP〕","type":3,"api":"csp_AppYsV2","searchable":1,"quickSearch":1,"filterable":1,"ext":"https://www.dpp8.xyz/api.php/v1.vod"},
{"key":"csp_appysv2_影库","name":"影库〔APP〕","type":3,"api":"csp_AppYsV2","searchable":1,"quickSearch":1,"filterable":1,"ext":"https://yingkudy.com/lvdou_api.php/v1.vod"},
{"key":"csp_appysv2_鑫总资源","name":"鑫总资源〔APP〕","type":3,"api":"csp_AppYsV2","searchable":1,"quickSearch":1,"filterable":1,"ext":"http://app.mmhkj.xyz/lvdou_api.php/v1.vod"},
{"key":"csp_appysv2_悟空影院","name":"悟空影院〔APP〕","type":3,"api":"csp_AppYsV2","searchable":1,"quickSearch":1,"filterable":1,"ext":"http://dapi.pntao.com/api.php/v1.vod"},
{"key":"csp_appysv2_枇杷影院","name":"枇杷影院〔APP〕","type":3,"api":"csp_AppYsV2","searchable":1,"quickSearch":1,"filterable":1,"ext":"https://www.pipamovie.com/api.php/v1.vod"},
{"key":"csp_appysv2_玖卿乐播","name":"玖卿乐播〔APP〕","type":3,"api":"csp_AppYsV2","searchable":1,"quickSearch":1,"filterable":1,"ext":"https://vod.nqcode.cn/api.php/v1.vod"},
{"key":"csp_appysv2_佳佳影视","name":"佳佳影视〔APP〕","type":3,"api":"csp_AppYsV2","searchable":1,"quickSearch":1,"filterable":1,"ext":"https://www.jiajia.pub/api.php/v1.vod"},
{"key":"csp_appysv2_豆芽视频","name":"豆芽视频〔APP〕","type":3,"api":"csp_AppYsV2","searchable":1,"quickSearch":1,"filterable":1,"ext":"http://bdintv.cn/lvdou_api.php/v1.vod"},
{"key":"csp_appysv2_百淘影视","name":"百淘影视〔APP〕","type":3,"api":"csp_AppYsV2","searchable":1,"quickSearch":1,"filterable":1,"ext":"http://ys.58g8.com/lvdou_api.php/v1.vod"},
{"key":"csp_appysv2_爱电影","name":"爱电影〔APP〕","type":3,"api":"csp_AppYsV2","searchable":1,"quickSearch":1,"filterable":1,"ext":"https://www.idianying.com.cn/mogai_api.php/v1.vod"},
{"key":"csp_appysv2_OK影视","name":"OK影视〔APP〕","type":3,"api":"csp_AppYsV2","searchable":1,"quickSearch":1,"filterable":1,"ext":"http://123.ok00.xyz/api.php/v1.vod"},
{"key":"csp_appysv2_迪迪影院","name":"迪迪影院〔APP〕","type":3,"api":"csp_AppYsV2","searchable":1,"quickSearch":1,"filterable":1,"ext":"http://dd88.icu:6080/xgapp.php/v2/"},
{"key":"csp_appysv2_555电影","name":"555电影〔APP〕","type":3,"api":"csp_AppYsV2","searchable":1,"quickSearch":1,"filterable":1,"ext":"https://www.555ys3.com/api.php/app/"},
{"key":"csp_appysv2_星辰TV","name":"星辰TV〔APP〕","type":3,"api":"csp_AppYsV2","searchable":1,"quickSearch":1,"filterable":1,"ext":"http://www.xingchentv.cn/mogai_api.php/v1.vod"},
{"key":"csp_appysv2_月儿影视","name":"月儿影视〔APP〕","type":3,"api":"csp_AppYsV2","searchable":1,"quickSearch":1,"filterable":1,"ext":"https://yue52.xyz/api.php/v1.vod"},
{"key":"csp_app_小鸟动漫","name":"小鸟动漫〔APP〕","type":3,"api":"csp_AppYsV2","searchable":1,"quickSearch":1,"filterable":1,"ext":"http://xydm.baicai.buzz/mogai_api.php/v1.vod"},



{"key":"csp_XPath_饭团影视HD","name":"饭团影视HD(XPF)️","type":3,"api":"csp_XPathMacFilter","searchable":1,"quickSearch":1,"filterable":1,"ext":"./XP/fantuan.json"},
{"key":"csp_XPath_yinfans","name":"音范丝4K(XP)","type":3,"api":"csp_XPath","searchable":1,"quickSearch":1,"filterable":1,"ext":"./XP/yinfans.json"},
{"key":"csp_XPath_农民影视","name":"农民影视(XPF)️","type":3,"api":"csp_XPathMacFilter","searchable":1,"quickSearch":1,"filterable":1,"ext":"./XP/nongminyingshi.json"},
{"key":"csp_XPath_zxzj","name":"在线之家(XPF)","type":3,"api":"csp_XPathFilter","searchable":1,"quickSearch":1,"filterable":1,"ext":"./XP/zxzj.json"},
{"key":"csp_XPath_libvio","name":"LIBVIO(XPF)","type":3,"api":"csp_XPathMacFilter","searchable":1,"quickSearch":1,"filterable":1,"ext":"./XP/libvio.json"},
{"key":"csp_XPath_cokemv","name":"COKEMV(XPF)️","type":3,"api":"csp_XPathMacFilter","searchable":1,"quickSearch":1,"filterable":1,"ext":"./XP/cokemv.json"},
{"key":"csp_XPath_dadagui","name":"达达龟(XPF)️","type":3,"api":"csp_XPathMacFilter","searchable":1,"quickSearch":1,"filterable":1,"ext":"./XP/dadagui.json"},
{"key":"csp_XPath_jbb","name":"剧白白(XPF)","type":3,"api":"csp_XPathMacFilter","searchable":1,"quickSearch":1,"filterable":1,"ext":"./XP/jubaibai.json"},
{"key":"csp_XPath_bttwoo","name":"两个BT(XPF)","type":3,"api":"csp_XPathMacFilter","searchable":1,"quickSearch":1,"filterable":1,"ext":"./XP/bttwoo.json"},
{"key":"csp_XPath_6d","name":"六度TV(XPF)","type":3,"api":"csp_XPathMacFilter","searchable":1,"quickSearch":1,"filterable":1,"ext":"./XP/6d.json"},
{"key":"csp_XPath_94sm","name":"94神马(XP)","type":3,"api":"csp_XPath","searchable":1,"quickSearch":1,"filterable":1,"ext":"./XP/94sm.json"},
{"key":"csp_XPath_saohuotv","name":"骚火影视(XP)","type":3,"api":"csp_XPath","searchable":1,"quickSearch":1,"filterable":1,"ext":"./XP/saohuotv.json"},
{"key":"csp_XPath_zbkyy","name":"真不卡影院(XPF)️","type":3,"api":"csp_XPathMacFilter","searchable":1,"quickSearch":1,"filterable":1,"ext":"./XP/zbkyy.json"},
{"key":"csp_XPath_wanmeikk","name":"完美看看(XP)","type":3,"api":"csp_XPathMacFilter","searchable":1,"quickSearch":1,"filterable":1,"ext":"./XP/wanmeikk.json"},
{"key":"csp_XPath_rttks","name":"人人影视(XP)","type":3,"api":"csp_XPath","searchable":1,"quickSearch":1,"filterable":1,"ext":"./XP/rttks.json"},
{"key":"csp_XPath_vip1280","name":"VIP电影(XP)","type":3,"api":"csp_XPath","searchable":1,"quickSearch":1,"filterable":1,"ext":"./XP/vip1280.json"},
{"key":"csp_XPath_tjyy","name":"奇优影院(XP)","type":3,"api":"csp_XPathMac","searchable":1,"quickSearch":1,"filterable":1,"ext":"./XP/huigutongying.json"},
{"key":"csp_XPath_lezhutv","name":"乐猪TV(XPMac)","type":3,"api":"csp_XPathMac","searchable":1,"quickSearch":1,"filterable":1,"ext":"./XP/lezhutv.json"},
{"key":"csp_XPath_jpys","name":"极品影视(XPF)","type":3,"api":"csp_XPathMacFilter","searchable":1,"quickSearch":1,"filterable":1,"ext":"./XP/jpys.json"},
{"key":"csp_XPath_lranc","name":"天天影视(XPF)","type":3,"api":"csp_XPathMacFilter","searchable":1,"quickSearch":1,"filterable":1,"ext":"./XP/lranc.json"},
{"key":"csp_XPath_maole","name":"喵乐影视(XPF)️","type":3,"api":"csp_XPathMacFilter","searchable":1,"quickSearch":1,"filterable":1,"ext":"./XP/maole.json"},
{"key":"csp_XPath_xuangz","name":"尘落电影(XP)","type":3,"api":"csp_XPath","searchable":1,"quickSearch":1,"filterable":1,"ext":"./XP/xuangz.json"},
{"key":"csp_XPath_qdytv","name":"米来影视(XP)","type":3,"api":"csp_XPath","searchable":1,"quickSearch":1,"filterable":1,"ext":"./XP/qdytv.json"},
{"key":"csp_XPath_xqmi","name":"小强迷(XP)","type":3,"api":"csp_XPath","searchable":1,"quickSearch":1,"filterable":1,"ext":"./XP/xqmi.json"},
{"key":"csp_XPath_135kan","name":"135看看(XP)","type":3,"api":"csp_XPath","searchable":1,"quickSearch":1,"filterable":1,"ext":"./XP/135kan.json"},
{"key":"csp_XPath_miaomiao","name":"喵喵(XPF)","type":3,"api":"csp_XPathMacFilter","searchable":1,"quickSearch":1,"filterable":1,"ext":"./XP/miaomiao.json"},
{"key":"csp_XPath_hyingku","name":"海影库(XPF)","type":3,"api":"csp_XPathMacFilter","searchable":1,"quickSearch":1,"filterable":1,"ext":"./XP/hyingku.json"},
{"key":"csp_XPath_蚂蚁影视","name":"蚂蚁影视(XPF)️","type":3,"api":"csp_XPathMacFilter","searchable":1,"quickSearch":1,"filterable":1,"ext":"./XP/myys.json"},
{"key":"csp_XPath_电影迷","name":"电影迷(XPF)️","type":3,"api":"csp_XPathMacFilter","searchable":1,"quickSearch":1,"filterable":1,"ext":"./XP/dym8.json"},
{"key":"csp_XPath_meiju56","name":"美剧网(XPF)","type":3,"api":"csp_XPathFilter","searchable":1,"quickSearch":1,"filterable":1,"ext":"./XP/meiju56.json"},
{"key":"csp_XPath_mp4dy","name":"mp4电影(XPF)","type":3,"api":"csp_XPathMacFilter","searchable":1,"quickSearch":1,"filterable":1,"ext":"./XP/mp4dy.json"},
{"key":"csp_XPath_bidiys","name":"哔嘀影视(XP)","type":3,"api":"csp_XPath","searchable":1,"quickSearch":1,"filterable":1,"ext":"./XP/bidiys.json"},
{"key":"csp_XPath_xfeiji","name":"小小影视(XP)","type":3,"api":"csp_XPath","searchable":1,"quickSearch":1,"filterable":1,"ext":"./XP/xfeiji.json"},
{"key":"csp_XPath_dmd","name":"动漫岛(XPF)","type":3,"api":"csp_XPathMacFilter","searchable":1,"quickSearch":1,"filterable":1,"ext":"./XP/dmd.json"},
{"key":"csp_XPath_dm84","name":"动漫巴士(XP)","type":3,"api":"csp_XPathFilter","searchable":1,"quickSearch":1,"filterable":1,"ext":"./XP/dm84.json"},





{"key":"csp_XYQBiu_万能影视","name":"万能影视(XYQ)","type":3,"api":"csp_XYQBiu","searchable":1,"quickSearch":1,"filterable":1,"ext":"./XYQ/万能影视.json"},

{"key":"csp_XYQBiu_凌云影视","name":"凌云影视(XYQ)","type":3,"api":"csp_XYQBiu","searchable":1,"quickSearch":1,"filterable":1,"ext":"./XYQ/凌云影视.json"},
{"key":"csp_XYQBiu_大米星球","name":"大米星球(XYQ)","type":3,"api":"csp_XYQBiu","searchable":1,"quickSearch":1,"filterable":1,"ext":"./XYQ/大米星球.json"},
{"key":"csp_XYQBiu_影视工厂","name":"影视工厂(XYQ)","type":3,"api":"csp_XYQBiu","searchable":1,"quickSearch":1,"filterable":1,"ext":"./XYQ/影视工厂.json"},
{"key":"csp_XYQBiu_片吧影院","name":"片吧影院(XYQ)","type":3,"api":"csp_XYQBiu","searchable":1,"quickSearch":1,"filterable":1,"ext":"./XYQ/片吧影院.json"},
{"key":"csp_XYQBiu_vofix","name":"VOFIX(XYQ)","type":3,"api":"csp_XYQBiu","searchable":1,"quickSearch":1,"filterable":1,"ext":"./XYQ/vofix.json"},
{"key":"csp_XYQBiu_莫扎兔","name":"莫扎兔(XYQ)","type":3,"api":"csp_XYQBiu","searchable":1,"quickSearch":1,"filterable":1,"ext":"./XYQ/莫扎兔.json"},
{"key":"csp_XYQBiu_聚合电影","name":"聚合电影(XYQ)","type":3,"api":"csp_XYQBiu","searchable":1,"quickSearch":1,"filterable":1,"ext":"./XYQ/聚合电影.json"},
{"key":"csp_XYQBiu_剧荒","name":"剧荒TV(XYQ)","type":3,"api":"csp_XYQBiu","searchable":1,"quickSearch":1,"filterable":1,"ext":"./XYQ/剧荒.json"},
{"key":"csp_XYQ_动视影视","name":"动视影视(XYQ)","type":3,"api":"csp_XYQBiu","searchable":1,"quickSearch":1,"filterable":1,"ext":"./XYQ/动视影视.json"},
{"key":"csp_XYQBiu_斗鱼直播","name":"斗鱼直播(XYQ)","type":3,"api":"csp_XYQBiu","searchable":1,"quickSearch":1,"filterable":1,"ext":"./XYQ/斗鱼直播.json"},
{"key":"csp_XYQBiu_虎牙直播","name":"虎牙直播(XYQ)","type":3,"api":"csp_XYQBiu","searchable":1,"quickSearch":1,"filterable":1,"ext":"./XYQ/虎牙直播.json"},
{"key":"csp_XYQBiu_网易CC直播","name":"网易CC直播(XYQ)","type":3,"api":"csp_XYQBiu","searchable":1,"quickSearch":1,"filterable":1,"ext":"./XYQ/网易CC直播.json"},
{"key":"csp_XYQBiu_17klive","name":"体育直播(XYQ)","type":3,"api":"csp_XYQBiu","searchable":1,"quickSearch":1,"filterable":1,"ext":"./XYQ/17klive.json"},
{"key":"csp_XYQBiu_萌番组","name":"萌番组(XYQ)","type":3,"api":"csp_XYQBiu","searchable":1,"quickSearch":1,"filterable":1,"ext":"./XYQ/萌番组.json"},
{"key":"csp_XYQBiu_酷狗MV","name":"酷狗MV(XYQ)","type":3,"api":"csp_XYQBiu","searchable":1,"quickSearch":1,"filterable":1,"ext":"./XYQ/酷狗MV.json"},
{"key":"csp_XYQBiu_酷奇MV","name":"酷奇MV(XYQ)","type":3,"api":"csp_XYQBiu","searchable":1,"quickSearch":1,"filterable":1,"ext":"./XYQ/酷奇MV.json"},
{"key":"csp_XYQBiu_好恐怖磁力","name":"好恐怖磁力(XYQ)","type":3,"api":"csp_XYQBiu","searchable":1,"quickSearch":1,"filterable":1,"ext":"./XYQ/好恐怖磁力.json"},




{"key":"csp_XYQHiker_氢视频","name":"氢视频(XYQH)","type":3,"api":"csp_XYQHiker","searchable":1,"quickSearch":1,"filterable":1,"ext":"./XYQH/氢视频.json"},
{"key":"csp_XYQHiker_回响影视","name":"回响影视(XYQH)","type":3,"api":"csp_XYQHiker","searchable":1,"quickSearch":1,"filterable":1,"ext":"./XYQH/回响影视.json"},
{"key":"csp_XYQHiker_在线之家","name":"在线之家(XYQH)","type":3,"api":"csp_XYQHiker","searchable":1,"quickSearch":1,"filterable":1,"ext":"./XYQH/在线之家.json"},
{"key":"csp_XYQHiker_嘿嘿视频","name":"嘿嘿视频(XYQH)","type":3,"api":"csp_XYQHiker","searchable":1,"quickSearch":1,"filterable":1,"ext":"./XYQH/嘿嘿视频.json"},
{"key":"csp_XYQHiker_无插件直播","name":"体育直播(XYQH)","type":3,"api":"csp_XYQHiker","searchable":1,"quickSearch":1,"filterable":1,"ext":"./XYQH/无插件直播.json"},





{
"key":"py_kuaikan",
"name":"快看〔PY〕",
"type":3,
"api":"py_kuaikan",
"searchable":1,
"quickSearch":1,
"filterable":1,
"ext":"./plugin/py_kuaikan.py"
},
{
"key":"py_lezhu",
"name":"乐猪〔PY〕",
"type":3,
"api":"py_lezhu",
"searchable":1,
"quickSearch":1,
"filterable":1,
"ext":"./plugin/py_lezhu.py"
},
{
"key":"py_3qu",
"name":"3QU〔PY〕",
"type":3,
"api":"py_3qu",
"searchable":1,
"quickSearch":1,
"filterable":1,
"ext":"./plugin/py_3qu.py"
},
{
"key":"py_cyys",
"name":"创艺〔PY〕",
"type":3,
"api":"py_cyys",
"searchable":1,
"quickSearch":1,
"filterable":1,
"ext":"./plugin/py_cyys.py"
},
{
"key":"py_wmkk",
"name":"完美看看〔PY〕",
"type":3,
"api":"py_wmkk",
"searchable":1,
"quickSearch":1,
"filterable":1,
"ext":"./plugin/py_wmkk.py"
},
{
"key":"py_cup",
"name":"茶杯〔PY〕",
"type":3,
"api":"py_cup",
"searchable":1,
"quickSearch":1,
"filterable":1,
"ext":"./plugin/py_cup.py"
},
{
"key":"py_star",
"name":"星光〔PY〕",
"type":3,
"api":"py_star",
"searchable":1,
"quickSearch":1,
"filterable":1,
"ext":"./plugin/py_star.py"
},
{
"key":"py_bilibili",
"name":"哔哩〔PY〕",
"type":3,
"api":"py_bilibili",
"searchable":1,
"quickSearch":1,
"filterable":1,
"ext":"./plugin/py_bilibili.py"
},
{
"key":"py_bilivd",
"name":"B站(带搜索)",
"type":3,
"api":"py_bilivd",
"searchable":1,
"quickSearch":1,
"filterable":1,
"ext":"./plugin/py_bilivd.py"
},
{
"key":"py_cctv",
"name":"央视〔PY〕",
"type":3,
"api":"py_cctv",
"searchable":1,
"quickSearch":1,
"filterable":1,
"ext":"./plugin/py_cctv.py"
},
{
"key":"py_zxzj",
"name":"在线之家〔PY〕",
"type":3,
"api":"py_zxzj",
"searchable":1,
"quickSearch":1,
"filterable":1,
"ext":"./plugin/py_zxzj.py"
},
{
"key":"py_voflix",
"name":"Voflix〔PY〕",
"type":3,
"api":"py_voflix",
"searchable":1,
"quickSearch":1,
"filterable":1,
"ext":"./plugin/py_voflix.py"
},
{
"key":"py_bilimd",
"name":"B站影视〔PY〕",
"type":3,
"api":"py_bilimd",
"searchable":1,
"quickSearch":1,
"filterable":1,
"ext":"./plugin/py_bilimd.py"
},
{
"key":"py_gimytv",
"name":"剧迷〔PY〕",
"type":3,
"api":"py_gimytv",
"searchable":1,
"quickSearch":1,
"filterable":1,
"ext":"./plugin/py_gimytv.py"
},
{
"key":"py_genmov",
"name":"跟剧〔PY〕",
"type":3,
"api":"py_genmov",
"searchable":1,
"quickSearch":1,
"filterable":1,
"ext":"./plugin/py_genmov.py"
},
{
"key":"py_huya",
"name":"虎牙〔PY〕",
"type":3,
"api":"py_huya",
"searchable":1,
"quickSearch":1,
"filterable":1,
"ext":"./plugin/py_huya.py"
},
{
"key":"py_douyu",
"name":"斗鱼〔PY〕",
"type":3,
"api":"py_douyu",
"searchable":1,
"quickSearch":1,
"filterable":1,
"ext":"./plugin/py_douyu.py"
},
{
"key":"py_cokemv",
"name":"COKE",
"type":3,
"api":"py_cokemv",
"searchable":1,
"quickSearch":1,
"filterable":1,
"ext":"./plugin/py_cokemv.py"
},
{
"key":"py_xmaomi",
"name":"猫咪〔PY〕",
"type":3,
"api":"py_xmaomi",
"searchable":1,
"quickSearch":1,
"filterable":1,
"ext":"./plugin/py_xmaomi.py"
},
{
"key":"py_gitcafe",
"name":"小纸条〔PY〕",
"type":3,
"api":"py_gitcafe",
"searchable":1,
"quickSearch":1,
"filterable":1,
"ext":"./plugin/py_gitcafe.py"
},
{
"key":"py_zhaozy",
"name":"找资源〔PY〕",
"type":3,
"api":"py_zhaozy",
"searchable":1,
"quickSearch":1,
"filterable":1,
"ext":"./plugin/py_zhaozy.py"
},
{
"key":"py_yiso",
"name":"易搜〔PY〕",
"type":3,
"api":"py_yiso",
"searchable":1,
"quickSearch":1,
"filterable":1,
"ext":"./plugin/py_yiso.py"
},
{
"key":"py_pansou",
"name":"盘搜〔PY〕",
"type":3,
"api":"py_pansou",
"searchable":1,
"quickSearch":1,
"filterable":1,
"ext":"./plugin/py_pansou.py"
},
{
"key":"push_agent",
"name":"阿里〔PY〕",
"type":3,
"api":"py_ali",
"searchable":1,
"quickSearch":1,
"filterable":1,
"ext":"./plugin/py_ali.py"
},
{
"key":"py_alist",
"name":"Alist〔PY〕",
"type":3,
"api":"py_alist",
"searchable":1,
"quickSearch":1,
"filterable":1,
"ext":"./plugin/py_alist.py"
},
{"key":"drpy_js_Alist","name":"网盘 | Alist[js]","type":3,"api":"./JS/lib/alist.min.js","ext":"./JS/js/alist.json"},
{"key":"drpy_js_豆瓣","name":"搜索 | 豆瓣[js]","type":3,"api":"./JS/lib/drpy.min.js","ext":"./JS/js/drpy.js"},
{"key":"drpy_js_360影视","name":"官源 | 360[js]","type":3,"api":"./JS/lib/drpy.min.js","ext":"./JS/js/360影视.js"},
{"key":"drpy_js_奇珍异兽","name":"官源 | 爱奇艺[js]","type":3,"api":"./JS/lib/drpy.min.js","ext":"./JS/js/奇珍异兽.js"},
{"key":"drpy_js_优酷","name":"官源 | 优酷[js]","type":3,"api":"./JS/lib/drpy.min.js","ext":"./JS/js/优酷.js"},
{"key":"drpy_js_腾云驾雾","name":"官源 | 腾讯[js]","type":3,"api":"./JS/lib/drpy.min.js","ext":"./JS/js/腾云驾雾.js"},
{"key":"drpy_js_百忙无果","name":"官源 | 芒果[js]","type":3,"api":"./JS/lib/drpy.min.js","ext":"./JS/js/百忙无果.js"},
{"key":"drpy_js_菜狗","name":"官源 | 搜狗[js]","type":3,"api":"./JS/lib/drpy.min.js","ext":"./JS/js/菜狗.js"},
{"key":"drpy_js_乐猪TV","name":"影视 | 乐猪TV[js]","type":3,"api":"./JS/lib/drpy.min.js","ext":"./JS/js/乐猪TV.js"},
{"key":"drpy_js_RP影视","name":"影视 | RP影视[js]","type":3,"api":"./JS/lib/drpy.min.js","ext":"./JS/js/RP影视.js"},
{"key":"drpy_js_影渣渣","name":"影视 | 影渣渣[js]","type":3,"api":"./JS/lib/drpy.min.js","ext":"./JS/js/影渣渣.js"},
{"key":"drpy_js_cokemv","name":"影视 | cokemv[js]","type":3,"api":"./JS/lib/drpy.min.js","ext":"./JS/js/cokemv.js"},
{"key":"drpy_js_LIBVIO","name":"影视 | LIBVIO[js]","type":3,"api":"./JS/lib/drpy.min.js","ext":"./JS/js/LIBVIO.js"},
{"key":"drpy_js_酷客影院","name":"影视 | 酷客影院[js]","type":3,"api":"./JS/lib/drpy.min.js","ext":"./JS/js/酷客影院.js"},
{"key":"drpy_js_奇优影院","name":"影视 | 奇优影院[js]","type":3,"api":"./JS/lib/drpy.min.js","ext":"./JS/js/奇优影院.js"},
{"key":"drpy_js_影视工厂","name":"影视 | 影视工厂[js]","type":3,"api":"./JS/lib/drpy.min.js","ext":"./JS/js/影视工厂.js"},
{"key":"drpy_js_在线之家","name":"影视 | 在线之家[js]","type":3,"api":"./JS/lib/drpy.min.js","ext":"./JS/js/在线之家.js"},
{"key":"drpy_js_饭团电影","name":"影视 | 饭团电影[js]","type":3,"api":"./JS/lib/drpy.min.js","ext":"./JS/js/饭团.js"},
{"key":"drpy_js_酷云七七","name":"影视 | 酷云七七[js]","type":3,"api":"./JS/lib/drpy.min.js","ext":"./JS/js/酷云77.js"},
{"key":"drpy_js_骚火电影","name":"影视 | 骚火电影[js]","type":3,"api":"./JS/lib/drpy.min.js","ext":"./JS/js/骚火电影.js"},
{"key":"drpy_js_回响影视","name":"影视 | 回响影视[js]","type":3,"api":"./JS/lib/drpy.min.js","ext":"./JS/js/回响影视.js"},
{"key":"drpy_js_低端影视","name":"影视 | 低端影视[js]","type":3,"api":"./JS/lib/drpy.min.js","ext":"./JS/js/ddys.js"},
{"key":"drpy_js_闪影影院","name":"影视 | 闪影影院[js]","type":3,"api":"./JS/lib/drpy.min.js","ext":"./JS/js/闪影影院.js"},
{"key":"drpy_js_秋霞影院","name":"影视 | 秋霞影院[js]","type":3,"api":"./JS/lib/drpy.min.js","ext":"./JS/js/秋霞.js"},
{"key":"drpy_js_DJ音乐","name":"音频 | DJ音乐[js]","type":3,"api":"./JS/lib/drpy.min.js","ext":"./JS/js/DJ音乐.js","playerType":"2"},
{"key":"drpy_js_蜻蜓FM","name":"广播 | 蜻蜓FM[js]","type":3,"api":"./JS/lib/drpy.min.js","ext":"./JS/js/蜻蜓FM.js","playerType":"2"},
{"key":"drpy_js_海盗听书","name":"听书 | 海盗听书[js]","type":3,"api":"./JS/lib/drpy.min.js","ext":"./JS/js/海盗听书.js","playerType":"2"},
{"key":"drpy_js_听书网","name":"听书 | 听书网[js]","type":3,"api":"./JS/lib/drpy.min.js","ext":"./JS/js/听书网.js","playerType":"2"},
{"key":"drpy_js_有声小说","name":"听书 | 有声小说[js]","type":3,"api":"./JS/lib/drpy.min.js","ext":"./JS/js/有声小说吧.js","playerType":"2"},
{"key":"drpy_js_短视频","name":"聚合 | 短视频[js]","type":3,"api":"./JS/lib/drpy.min.js","ext":"./JS/js/短视频.js"},
{"key":"drpy_js_酷奇MV","name":"MV | 酷奇[js]","type":3,"api":"./JS/lib/drpy.min.js","ext":"./JS/js/酷奇MV.js"},
{"key":"drpy_js_爱车MV","name":"MV | 爱车[js]","type":3,"api":"./JS/lib/drpy.min.js","ext":"./JS/js/爱车MV.js"},
{"key":"drpy_js_斗鱼直播","name":"直播 | 斗鱼[js]","type":3,"api":"./JS/lib/drpy.min.js","ext":"./JS/js/斗鱼直播.js"},
{"key":"drpy_js_虎牙直播","name":"直播 | 虎牙[js]","type":3,"api":"./JS/lib/drpy.min.js","ext":"./JS/js/虎牙直播.js"},
{"key":"drpy_js_JustLive","name":"直播 | JustLive[js]","type":3,"api":"./JS/lib/drpy.min.js","ext":"./JS/js/JustLive.js"},
{"key":"drpy_js_JRKAN直播","name":"体育 | JRKAN直播[js]","type":3,"api":"./JS/lib/drpy.min.js","ext":"./JS/js/JRKAN直播.js"},
{"key":"drpy_js_88看球","name":"体育 | 88看球[js]","type":3,"api":"./JS/lib/drpy.min.js","ext":"./JS/js/88看球.js"},
{"key":"drpy_js_310直播","name":"体育 | 310直播[js]","type":3,"api":"./JS/lib/drpy.min.js","ext":"./JS/js/310直播.js"},
{"key":"drpy_js_抓饭体育","name":"体育 | 抓饭体育[js]","type":3,"api":"./JS/lib/drpy.min.js","ext":"./JS/js/抓饭体育.js"},
{"key":"drpy_js_学生录像","name":"体育 | 学生录像[js0]","type":3,"api":"./JS/lib/drpy.min.js","ext":"./JS/js/学生球赛录像.js"},
{"key":"drpy_js_兔小贝","name":"动漫 | 兔小贝[js]","type":3,"api":"./JS/lib/drpy.min.js","ext":"./JS/js/兔小贝.js"},
{"key":"drpy_js_AnFuns","name":"动漫 | AnFuns[js]","type":3,"api":"./JS/lib/drpy.min.js","ext":"./JS/js/AnFuns.js"},
{"key":"drpy_js_AGE动漫","name":"动漫 | AGE动漫[js]","type":3,"api":"./JS/lib/drpy.min.js","ext":"./JS/js/AGE动漫.js"},
{"key":"drpy_js_异世界动漫","name":"动漫 | 异世界动漫[js]","type":3,"api":"./JS/lib/drpy.min.js","ext":"./JS/js/异世界动漫.js"},
{"key":"drpy_js_007影视","name":"影视 | 007影视[js]","type":3,"api":"./JS/lib/drpy.min.js","ext":"./JS/js/007影视.js"},
{"key":"drpy_js_1080P","name":"影视 | 1080P[js]","type":3,"api":"./JS/lib/drpy.min.js","ext":"./JS/js/1080P.js"},
{"key":"drpy_js_188看","name":"影视 | 188看[js]","type":3,"api":"./JS/lib/drpy.min.js","ext":"./JS/js/188看.js"},
{"key":"drpy_js_2099电影","name":"影视 | 2099电影[js]","type":3,"api":"./JS/lib/drpy.min.js","ext":"./JS/js/2099电影.js"},
{"key":"drpy_js_348电影网","name":"影视 | 348电影网[js]","type":3,"api":"./JS/lib/drpy.min.js","ext":"./JS/js/348电影网.js"},
{"key":"drpy_js_69美剧","name":"影视 | 69美剧[js]","type":3,"api":"./JS/lib/drpy.min.js","ext":"./JS/js/69美剧.js"},
{"key":"drpy_js_7喜影院","name":"影视 | 7喜影院[js]","type":3,"api":"./JS/lib/drpy.min.js","ext":"./JS/js/7喜影院.js"},
{"key":"drpy_js_8号影院","name":"影视 | 8号影院[js]","type":3,"api":"./JS/lib/drpy.min.js","ext":"./JS/js/8号影院.js"},
{"key":"drpy_js_99影院","name":"影视 | 99影院[js]","type":3,"api":"./JS/lib/drpy.min.js","ext":"./JS/js/99影院.js"},
{"key":"drpy_js_9U电影","name":"影视 | 9U电影[js]","type":3,"api":"./JS/lib/drpy.min.js","ext":"./JS/js/9U电影.js"},
{"key":"drpy_js_BD360","name":"影视 | BD360[js]","type":3,"api":"./JS/lib/drpy.min.js","ext":"./JS/js/BD360.js"},
{"key":"drpy_js_HDmoli","name":"影视 | HDmoli[js]","type":3,"api":"./JS/lib/drpy.min.js","ext":"./JS/js/HDmoli.js"},
{"key":"drpy_js_KOK影视","name":"影视 | KOK影视[js]","type":3,"api":"./JS/lib/drpy.min.js","ext":"./JS/js/KOK影视.js"},
{"key":"drpy_js_l0l","name":"影视 | l0l[js]","type":3,"api":"./JS/lib/drpy.min.js","ext":"./JS/js/l0l.js"},
{"key":"drpy_js_Nike影视","name":"影视 | Nike影视[js]","type":3,"api":"./JS/lib/drpy.min.js","ext":"./JS/js/Nike影视.js"},
{"key":"drpy_js_TV蜂影院","name":"影视 | TV蜂影院[js]","type":3,"api":"./JS/lib/drpy.min.js","ext":"./JS/js/TV蜂.js"},
{"key":"drpy_js_TV云播","name":"影视 | TV云播[js]","type":3,"api":"./JS/lib/drpy.min.js","ext":"./JS/js/TV云播.js"},
{"key":"drpy_js_vidhub","name":"影视 | vidhub[js]","type":3,"api":"./JS/lib/drpy.min.js","ext":"./JS/js/vidhub.js"},
{"key":"drpy_js_Voflix","name":"影视 | Voflix[js]","type":3,"api":"./JS/lib/drpy.min.js","ext":"./JS/js/Voflix.js"},
{"key":"drpy_js_爱迪影视","name":"影视 | 爱迪影视[js]","type":3,"api":"./JS/lib/drpy.min.js","ext":"./JS/js/爱迪影视.js"},
{"key":"drpy_js_爱看电影","name":"影视 | 爱看电影[js]","type":3,"api":"./JS/lib/drpy.min.js","ext":"./JS/js/爱看电影.js"},
{"key":"drpy_js_爱看影视","name":"影视 | 爱看影视[js]","type":3,"api":"./JS/lib/drpy.min.js","ext":"./JS/js/爱看影视.js"},
{"key":"drpy_js_爱猫影院","name":"影视 | 爱猫影院[js]","type":3,"api":"./JS/lib/drpy.min.js","ext":"./JS/js/爱猫影院.js"},
{"key":"drpy_js_艾菲影视","name":"影视 | 艾菲影视[js]","type":3,"api":"./JS/lib/drpy.min.js","ext":"./JS/js/艾菲影视.js"},
{"key":"drpy_js_八蛋影视","name":"影视 | 八蛋影视[js]","type":3,"api":"./JS/lib/drpy.min.js","ext":"./JS/js/八蛋影视.js"},
{"key":"drpy_js_布雷蓝光","name":"影视 | 布雷蓝光[js]","type":3,"api":"./JS/lib/drpy.min.js","ext":"./JS/js/布雷蓝光.js"},
{"key":"drpy_js_超前点播","name":"影视 | 超前点播[js]","type":3,"api":"./JS/lib/drpy.min.js","ext":"./JS/js/超前点播.js"},
{"key":"drpy_js_尘落影视","name":"影视 | 尘落影视[js]","type":3,"api":"./JS/lib/drpy.min.js","ext":"./JS/js/尘落影视.js"},
{"key":"drpy_js_楚门影院","name":"影视 | 楚门影院[js]","type":3,"api":"./JS/lib/drpy.min.js","ext":"./JS/js/楚门影院.js"},
{"key":"drpy_js_大米星球","name":"影视 | 大米星球[js]","type":3,"api":"./JS/lib/drpy.min.js","ext":"./JS/js/大米星球.js"},
{"key":"drpy_js_歪片星球","name":"影视 | 歪片星球[js]","type":3,"api":"./JS/lib/drpy.min.js","ext":"./JS/js/歪片星球.js"},
{"key":"drpy_js_大师兄影视","name":"影视 | 大师兄影视[js]","type":3,"api":"./JS/lib/drpy.min.js","ext":"./JS/js/大师兄影视.js"},
{"key":"drpy_js_大猪蹄子","name":"影视 | 大猪蹄子[js]","type":3,"api":"./JS/lib/drpy.min.js","ext":"./JS/js/大猪蹄子.js"},
{"key":"drpy_js_碟调影视","name":"影视 | 碟调影视[js]","type":3,"api":"./JS/lib/drpy.min.js","ext":"./JS/js/碟调影视.js"},
{"key":"drpy_js_多瑙影视","name":"影视 | 多瑙影视[js]","type":3,"api":"./JS/lib/drpy.min.js","ext":"./JS/js/多瑙影视.js","playerType":"2"},
{"key":"drpy_js_番茄影视","name":"影视 | 番茄影视[js]","type":3,"api":"./JS/lib/drpy.min.js","ext":"./JS/js/番茄影视.js"},
{"key":"drpy_js_浮生半日","name":"影视 | 浮生半日[js]","type":3,"api":"./JS/lib/drpy.min.js","ext":"./JS/js/浮生半日.js"},
{"key":"drpy_js_干饭影视","name":"影视 | 干饭影视[js]","type":3,"api":"./JS/lib/drpy.min.js","ext":"./JS/js/干饭影视.js"},
{"key":"drpy_js_捷华影视","name":"影视 | 捷华影视[js]","type":3,"api":"./JS/lib/drpy.min.js","ext":"./JS/js/捷华影视.js"},
{"key":"drpy_js_金曼影视","name":"影视 | 金曼影视[js]","type":3,"api":"./JS/lib/drpy.min.js","ext":"./JS/js/金曼影视.js"},
{"key":"drpy_js_剧荒影院","name":"影视 | 剧荒影院[js]","type":3,"api":"./JS/lib/drpy.min.js","ext":"./JS/js/剧荒.js"},
{"key":"drpy_js_剧迷影院","name":"影视 | 剧迷影院[js]","type":3,"api":"./JS/lib/drpy.min.js","ext":"./JS/js/剧迷.js"},
{"key":"drpy_js_看BZ影视","name":"影视 | 看BZ影视[js]","type":3,"api":"./JS/lib/drpy.min.js","ext":"./JS/js/看BZ影视.js"},
{"key":"drpy_js_看看电影","name":"影视 | 看看电影[js]","type":3,"api":"./JS/lib/drpy.min.js","ext":"./JS/js/看看电影.js"},
{"key":"drpy_js_看了么","name":"影视 | 看了么[js]","type":3,"api":"./JS/lib/drpy.min.js","ext":"./JS/js/看了么.js"},
{"key":"drpy_js_看片狂人","name":"影视 | 看片狂人[js]","type":3,"api":"./JS/lib/drpy.min.js","ext":"./JS/js/看片狂人.js"},
{"key":"drpy_js_快云影院","name":"影视 | 快云影院[js]","type":3,"api":"./JS/lib/drpy.min.js","ext":"./JS/js/快云影院.js"},
{"key":"drpy_js_来看点播","name":"影视 | 来看点播[js]","type":3,"api":"./JS/lib/drpy.min.js","ext":"./JS/js/来看点播.js"},
{"key":"drpy_js_蓝光影院","name":"影视 | 蓝光影院[js]","type":3,"api":"./JS/lib/drpy.min.js","ext":"./JS/js/蓝光影院.js"},
{"key":"drpy_js_乐动影视","name":"影视 | 乐动影视[js]","type":3,"api":"./JS/lib/drpy.min.js","ext":"./JS/js/乐动影视.js"},
{"key":"drpy_js_利丽娅电影","name":"影视 | 利丽娅电影[js]","type":3,"api":"./JS/lib/drpy.min.js","ext":"./JS/js/利丽娅电影.js"},
{"key":"drpy_js_两个 BT","name":"影视 | 两个BT[js]","type":3,"api":"./JS/lib/drpy.min.js","ext":"./JS/js/两个BT.js"},
{"key":"drpy_js_量子影视","name":"影视 | 量子影视[js]","type":3,"api":"./JS/lib/drpy.min.js","ext":"./JS/js/量子影视.js"},
{"key":"drpy_js_麻花影视","name":"影视 | 麻花影视[js]","type":3,"api":"./JS/lib/drpy.min.js","ext":"./JS/js/麻花影视.js"},
{"key":"drpy_js_蚂蚁影视","name":"影视 | 蚂蚁影视[js]","type":3,"api":"./JS/lib/drpy.min.js","ext":"./JS/js/蚂蚁影视.js"},
{"key":"drpy_js_麦豆网","name":"影视 | 麦豆网[js]","type":3,"api":"./JS/lib/drpy.min.js","ext":"./JS/js/麦豆.js"},
{"key":"drpy_js_麦豆com","name":"影视 | 麦豆com[js]","type":3,"api":"./JS/lib/drpy.min.js","ext":"./JS/js/麦豆com.js"},
{"key":"drpy_js_美视网","name":"影视 | 美视网[js]","type":3,"api":"./JS/lib/drpy.min.js","ext":"./JS/js/美视网.js"},
{"key":"drpy_js_米宝影院","name":"影视 | 米宝影院[js]","type":3,"api":"./JS/lib/drpy.min.js","ext":"./JS/js/米宝影院.js"},
{"key":"drpy_js_喵喵影院","name":"影视 | 喵喵影院[js]","type":3,"api":"./JS/lib/drpy.min.js","ext":"./JS/js/喵喵.js"},
{"key":"drpy_js_莫扎兔儿","name":"影视 | 莫扎兔儿[js]","type":3,"api":"./JS/lib/drpy.min.js","ext":"./JS/js/莫扎兔.js"},
{"key":"drpy_js_奈飞中文","name":"影视 | 奈飞中文[js]","type":3,"api":"./JS/lib/drpy.min.js","ext":"./JS/js/鸭奈飞.js"},
{"key":"drpy_js_南瓜影院","name":"影视 | 南瓜影院[js]","type":3,"api":"./JS/lib/drpy.min.js","ext":"./JS/js/南瓜影院.js"},
{"key":"drpy_js_胖虎影视","name":"影视 | 胖虎影视[js]","type":3,"api":"./JS/lib/drpy.min.js","ext":"./JS/js/胖虎影视.js"},
{"key":"drpy_js_霹雳影视","name":"影视 | 霹雳影视[js]","type":3,"api":"./JS/lib/drpy.min.js","ext":"./JS/js/霹雳影视.js"},
{"key":"drpy_js_皮皮泡儿","name":"影视 | 皮皮泡儿[js]","type":3,"api":"./JS/lib/drpy.min.js","ext":"./JS/js/皮皮泡.js"},
{"key":"drpy_js_七时影院","name":"影视 | 七时影院[js]","type":3,"api":"./JS/lib/drpy.min.js","ext":"./JS/js/七小时影院.js"},
{"key":"drpy_js_起飞影院","name":"影视 | 起飞影院[js]","type":3,"api":"./JS/lib/drpy.min.js","ext":"./JS/js/起飞影院.js"},
{"key":"drpy_js_趣享星趣","name":"影视 | 趣享星趣[js]","type":3,"api":"./JS/lib/drpy.min.js","ext":"./JS/js/趣享星趣.js"},
{"key":"drpy_js_人人影视","name":"影视 | 人人影视[js]","type":3,"api":"./JS/lib/drpy.min.js","ext":"./JS/js/人人影视.js"},
{"key":"drpy_js_盛世电影","name":"影视 | 盛世电影[js]","type":3,"api":"./JS/lib/drpy.min.js","ext":"./JS/js/盛世电影网.js"},
{"key":"drpy_js_视觉影院","name":"影视 | 视觉影院[js]","type":3,"api":"./JS/lib/drpy.min.js","ext":"./JS/js/视觉影院.js"},
{"key":"drpy_js_视中影视","name":"影视 | 视中影视[js]","type":3,"api":"./JS/lib/drpy.min.js","ext":"./JS/js/视中心影视.js"},
{"key":"drpy_js_首播影院","name":"影视 | 首播影院[js]","type":3,"api":"./JS/lib/drpy.min.js","ext":"./JS/js/首播影院.js"},
{"key":"drpy_js_双十电影","name":"影视 | 双十电影[js]","type":3,"api":"./JS/lib/drpy.min.js","ext":"./JS/js/双十电影.js"},
{"key":"drpy_js_思乐影视","name":"影视 | 思乐影视[js]","type":3,"api":"./JS/lib/drpy.min.js","ext":"./JS/js/思乐影视.js"},
{"key":"drpy_js_私人影院","name":"影视 | 私人影院[js]","type":3,"api":"./JS/lib/drpy.min.js","ext":"./JS/js/私人影院.js"},
{"key":"drpy_js_四个圈儿","name":"影视 | 四个圈儿[js]","type":3,"api":"./JS/lib/drpy.min.js","ext":"./JS/js/四个圈影视.js"},
{"key":"drpy_js_天空影视","name":"影视 | 天空影视[js]","type":3,"api":"./JS/lib/drpy.min.js","ext":"./JS/js/天空影视.js"},
{"key":"drpy_js_天天视频","name":"影视 | 天天视频[js]","type":3,"api":"./JS/lib/drpy.min.js","ext":"./JS/js/天天视频.js"},
{"key":"drpy_js_天天影视","name":"影视 | 天天影视[js]","type":3,"api":"./JS/lib/drpy.min.js","ext":"./JS/js/天天影视.js"},
{"key":"drpy_js_土狗影院","name":"影视 | 土狗影院[js]","type":3,"api":"./JS/lib/drpy.min.js","ext":"./JS/js/土狗影院.js"},
{"key":"drpy_js_完美看看","name":"影视 | 完美看看[js]","type":3,"api":"./JS/lib/drpy.min.js","ext":"./JS/js/完美看看.js"},
{"key":"drpy_js_万能影视","name":"影视 | 万能影视[js]","type":3,"api":"./JS/lib/drpy.min.js","ext":"./JS/js/万能影视.js"},
{"key":"drpy_js_我爱电影","name":"影视 | 我爱电影[js]","type":3,"api":"./JS/lib/drpy.min.js","ext":"./JS/js/我爱电影网.js"},
{"key":"drpy_js_我爱跟剧","name":"影视 | 我爱跟剧[js]","type":3,"api":"./JS/lib/drpy.min.js","ext":"./JS/js/我爱跟剧.js"},
{"key":"drpy_js_溪谷影视","name":"影视 | 溪谷影视[js]","type":3,"api":"./JS/lib/drpy.min.js","ext":"./JS/js/溪谷影视.js"},
{"key":"drpy_js_西瓜影视","name":"影视 | 西瓜影视[js]","type":3,"api":"./JS/lib/drpy.min.js","ext":"./JS/js/西瓜影视.js"},
{"key":"drpy_js_小白菜儿","name":"影视 | 小白菜儿[js]","type":3,"api":"./JS/lib/drpy.min.js","ext":"./JS/js/小白菜电影.js"},
{"key":"drpy_js_小宝影视","name":"影视 | 小宝影视[js]","type":3,"api":"./JS/lib/drpy.min.js","ext":"./JS/js/小宝影视.js"},
{"key":"drpy_js_星辰影院","name":"影视 | 星辰影院[js]","type":3,"api":"./JS/lib/drpy.min.js","ext":"./JS/js/星辰.js"},
{"key":"drpy_js_伊人追剧","name":"影视 | 伊人追剧[js]","type":3,"api":"./JS/lib/drpy.min.js","ext":"./JS/js/伊人追剧.js"},
{"key":"drpy_js_映迷影院","name":"影视 | 映迷影院[js]","type":3,"api":"./JS/lib/drpy.min.js","ext":"./JS/js/映迷影院.js"},
{"key":"drpy_js_云播影院","name":"影视 | 云播影院[js]","type":3,"api":"./JS/lib/drpy.min.js","ext":"./JS/js/云播.js"},
{"key":"drpy_js_真不卡儿","name":"影视 | 真不卡儿[js]","type":3,"api":"./JS/lib/drpy.min.js","ext":"./JS/js/真不卡.js"},
{"key":"drpy_js_追剧达人","name":"影视 | 追剧达人[js]","type":3,"api":"./JS/lib/drpy.min.js","ext":"./JS/js/追剧达人.js"},
{"key":"drpy_js_追剧啦儿","name":"影视 | 追剧啦儿[js]","type":3,"api":"./JS/lib/drpy.min.js","ext":"./JS/js/追剧啦.js"},
{"key":"drpy_js_子子影视","name":"影视 | 子子影视[js]","type":3,"api":"./JS/lib/drpy.min.js","ext":"./JS/js/子子影视.js"},
{"key":"push_agent","name":"推送","type":3,"api":"csp_PushAgent","searchable":1,"quickSearch":1,"filterable":1,"ext":"55c39cb673654d2baf5929c1cbe59a95"},
{
"key":"drpy_js_猫了个咪",
"name":"猫了个咪[DRPY18]",
"type":3,
"api":"./JS/lib/drpy.min.js",
"ext":"./JS/js/猫了个咪.js"
},
{
"key":"drpy_js_吸瓜",
"name":"吸瓜[DRPY18]",
"type":3,
"api":"./JS/lib/drpy.min.js",
"ext":"./JS/js/吸瓜.js"
},
{
"key":"drpy_js_黄瓜TV",
"name":"黄瓜TV[DRPY18]",
"type":3,
"api":"./JS/lib/drpy.min.js",
"ext":"./JS/js/黄瓜TV.js"
},
{
"key":"drpy_js_banan",
"name":"banan[DRPY18]",
"type":3,
"api":"./JS/lib/drpy.min.js",
"ext":"./JS/js/banan.js"
},
{
"key":"drpy_js_18av",
"name":"18av[DRPY18]",
"type":3,
"api":"./JS/lib/drpy.min.js",
"ext":"./JS/js/18av.js"
},





{"key":"csp_QXBiubiu_剧白白","name":"剧白白(XB)","type":3,"api":"csp_XBiubiu","searchable":1,"quickSearch":1,"filterable":1,"ext":"./XB/剧白白.json"},
{"key":"csp_QXBiubiu_600影视","name":"600影视(XB)","type":3,"api":"csp_XBiubiu","searchable":1,"quickSearch":1,"filterable":1,"ext":"./XB/600影视.json"},
{"key":"csp_biubiu_八戒影视","name":"八戒影视(XB)","type":3,"api":"csp_XBiubiu","searchable":1,"quickSearch":1,"filterable":1,"ext":"./XB/八戒影视.json"},
{"key":"csp_biubiu_米来影视","name":"米来影视(XB)","type":3,"api":"csp_XBiubiu","searchable":1,"quickSearch":1,"filterable":1,"ext":"./XB/米来影视.json"},
{"key":"csp_biubiu_旧梦影视","name":"旧梦影视(XB)","type":3,"api":"csp_XBiubiu","searchable":1,"quickSearch":1,"filterable":1,"ext":"./XB/旧梦影视.json"},
{"key":"csp_biubiu_私人影院","name":"私人影院(XB)","type":3,"api":"csp_XBiubiu","searchable":1,"quickSearch":1,"filterable":1,"ext":"./XB/私人影院.json"},
{"key":"csp_biubiu_夜空蓝光","name":"夜空蓝光(XB)","type":3,"api":"csp_XBiubiu","searchable":1,"quickSearch":1,"filterable":1,"ext":"./XB/夜空蓝光.json"},
{"key":"csp_biubiu_看一看影视","name":"看一看影视(XB)️","type":3,"api":"csp_XBiubiu","searchable":1,"quickSearch":1,"filterable":1,"ext":"./XB/看一看影视.json"},
{"key":"'csp_biubiu_骚火电影","name":"骚火电影(XB)","type":3,"api":"csp_XBiubiu","searchable":1,"quickSearch":1,"filterable":1,"ext":"./XB/骚火电影.json"},
{"key":"csp_biubiu_搜狗影院","name":"搜狗影院(XB)","type":3,"api":"csp_XBiubiu","searchable":1,"quickSearch":1,"filterable":1,"ext":"./XB/搜狗影院.json"},
{"key":"csp_biubiu_蓝莓影视","name":"蓝莓影视(XB)","type":3,"api":"csp_XBiubiu","searchable":1,"quickSearch":1,"filterable":1,"ext":"./XB/蓝莓影视.json"},
{"key":"csp_biubiu_蓝豆TV","name":"蓝豆TV(XB)️","type":3,"api":"csp_XBiubiu","searchable":1,"quickSearch":1,"filterable":1,"ext":"./XB/蓝豆TV.json"},
{"key":"csp_biubiu_桔子TV","name":"桔子TV(XB)️","type":3,"api":"csp_XBiubiu","searchable":1,"quickSearch":1,"filterable":1,"ext":"./XB/桔子tv.json"},
{"key":"csp_biubiu_哔嘀影视","name":"哔嘀影视(XB)️","type":3,"api":"csp_XBiubiu","searchable":1,"quickSearch":1,"filterable":1,"ext":"./XB/哔嘀影视.json"},
{"key":"csp_biubiu_看片网","name":"看片网(XB)","type":3,"api":"csp_XBiubiu","searchable":1,"quickSearch":1,"filterable":1,"ext":"./XB/看片网.json"},
{"key":"csp_biubiu_茶杯狐","name":"茶杯狐(XB)","type":3,"api":"csp_XBiubiu","searchable":1,"quickSearch":1,"filterable":1,"ext":"./XB/茶杯狐.json"},





{"key":"csp_xBPQ_天天综合","name":"天天综合","type":3,"api":"csp_xBPQ","searchable":1,"quickSearch":1,"filterable":1,"ext":"./xBPQ/天天综合.json"},

{"key":"csp_xBPQ_天天直播","name":"天天直播","type":3,"api":"csp_xBPQ","searchable":1,"quickSearch":1,"filterable":1,"ext":"./xBPQ/天天直播.json"},

{"key":"csp_xBPQ_新香蕉中文字幕","name":"新香蕉中文字幕","type":3,"api":"csp_xBPQ","searchable":1,"quickSearch":1,"filterable":1,"ext":"./xBPQ/新香蕉中文字幕.json"},

{"key":"csp_xBPQ_新香蕉久久热","name":"新香蕉久久热","type":3,"api":"csp_xBPQ","searchable":1,"quickSearch":1,"filterable":1,"ext":"./xBPQ/新香蕉久久热.json"},

{"key":"csp_xBPQ_新香蕉废柴网","name":"新香蕉废柴网","type":3,"api":"csp_xBPQ","searchable":1,"quickSearch":1,"filterable":1,"ext":"./xBPQ/新香蕉废柴网.json"},

{"key":"csp_xBPQ_新香蕉国产传媒","name":"新香蕉国产传媒","type":3,"api":"csp_xBPQ","searchable":1,"quickSearch":1,"filterable":1,"ext":"./xBPQ/新香蕉国产传媒.json"},

{"key":"csp_xBPQ_新香蕉超清资源","name":"新香蕉超清资源","type":3,"api":"csp_xBPQ","searchable":1,"quickSearch":1,"filterable":1,"ext":"./xBPQ/新香蕉超清资源.json"},

{"key":"csp_xBPQ_新香蕉麻豆女优","name":"新香蕉麻豆女优","type":3,"api":"csp_xBPQ","searchable":1,"quickSearch":1,"filterable":1,"ext":"./xBPQ/新香蕉麻豆女优.json"},

{"key":"csp_xBPQ_新香蕉实时直播","name":"新香蕉实时直播","type":3,"api":"csp_xBPQ","searchable":1,"quickSearch":1,"filterable":1,"ext":"./xBPQ/新香蕉实时直播.json"},

{"key":"csp_xBPQ_新香蕉AV解说","name":"新香蕉AV解说","type":3,"api":"csp_xBPQ","searchable":1,"quickSearch":1,"filterable":1,"ext":"./xBPQ/新香蕉AV解说.json"},

{"key":"csp_xBPQ_聚优直播","name":"聚优直播","type":3,"api":"csp_xBPQ","searchable":1,"quickSearch":1,"filterable":1,"ext":"./xBPQ/聚优直播.json"},

{"key":"csp_xBPQ_实时直播","name":"实时直播","type":3,"api":"csp_xBPQ","searchable":1,"quickSearch":1,"filterable":1,"ext":"./xBPQ/实时直播.json"},

{"key":"csp_xBPQ_叫床吧","name":"叫床吧️","type":3,"api":"csp_xBPQ","searchable":1,"quickSearch":1,"filterable":1,"ext":"./xBPQ/叫床吧.json"},

{"key":"csp_xBPQ_黄瓜TV","name":"黄瓜TV️","type":3,"api":"csp_xBPQ","searchable":1,"quickSearch":1,"filterable":1,"ext":"./xBPQ/黄瓜TV.json"},

{"key":"csp_xBPQ_banan","name":"banan","type":3,"api":"csp_xBPQ","searchable":1,"quickSearch":1,"filterable":1,"ext":"./xBPQ/banan.json"},

{"key":"csp_xBPQ_西瓜影视","name":"西瓜影视","type":3,"api":"csp_xBPQ","searchable":1,"quickSearch":1,"filterable":1,
"ext":"./xBPQ/西瓜影视.json"},

{"key":"csp_xBPQ-爱看影院","name":"爱看影院️","type":3,"api":"csp_xBPQ","searchable":1,"quickSearch":1,"filterable":1,"ext":"./xBPQ/爱看影院.json"},

{"key":"csp_xBPQ-四虎影院","name":"四虎影院️","type":3,"api":"csp_xBPQ","searchable":1,"quickSearch":1,"filterable":1,"ext":"./xBPQ/四虎影院.json"},


{"key":"csp_xBPQ_GAOAA","name":"GAOAA","type":3,"api":"csp_xBPQ","searchable":1,"quickSearch":1,"filterable":1,
"ext":"./xBPQ/GAOAA.json"},

{"key":"csp_xBPQ_麻豆映画","name":"麻豆映画","type":3,"api":"csp_xBPQ","searchable":1,"quickSearch":1,"filterable":1,"ext":"./xBPQ/麻豆映画.json"},

{"key":"csp_xBPQ_AVideo","name":"AVideo","type":3,"api":"csp_xBPQ","searchable":1,"quickSearch":1,"filterable":1,"ext":"./xBPQ/AVideo.json","jar":"./JAR/XBPQ_1022.jar"},

{"key":"csp_xBPQ_黄仓库","name":"黄仓库","type":3,"api":"csp_xBPQ","searchable":1,"quickSearch":1,"filterable":1,"ext":"./xBPQ/黄仓库.json"},

{"key":"csp_xBPQ_香蕉视频","name":"香蕉视频","type":3,"api":"csp_xBPQ","searchable":1,"quickSearch":1,"filterable":1,"ext":"./xBPQ/香蕉视频.json"},

{"key":"csp_xBPQ_性欲轮回","name":"性欲轮回","type":3,"api":"csp_xBPQ","searchable":1,"quickSearch":1,"filterable":1,"ext":"./xBPQ/性欲轮回.json"},

{"key":"csp_xBPQ_性欲轮回[分类]","name":"性欲轮回[分类]","type":3,"api":"csp_xBPQ","searchable":1,"quickSearch":1,"filterable":1,"ext":"./xBPQ/性欲轮回[分类].json"},

{"key":"csp_xBPQ_右手影院","name":"右手影院","type":3,"api":"csp_xBPQ","searchable":1,"quickSearch":1,"filterable":1,"ext":"./xBPQ/右手影院.json"},

{"key":"csp_XYQHiker_香蕉","name":"香蕉(XYQH)","type":3,"api":"csp_XYQHiker","searchable":1,"quickSearch":1,"filterable":1,"ext":"./XYQH/香蕉.json"},

{"key":"csp_biubiu_黄仓库","name":"黄仓库(XB)️","type":3,"api":"csp_XBiubiu","searchable":1,"quickSearch":1,"filterable":1,"ext":"./XB/旧黄仓库.json"},

{"key":"csp_biubiu_四虎影院","name":"四虎影院(XB)️","type":3,"api":"csp_XBiubiu","searchable":1,"quickSearch":1,"filterable":1,"ext":"./XB/四虎影院.json"},
{"key":"csp_biubiu_爱看影院","name":"爱看影院(XB)️","type":3,"api":"csp_XBiubiu","searchable":1,"quickSearch":1,"filterable":1,"ext":"./XB/爱看影院.json"},
{"key":"csp_biubiu_GAOAA","name":"GAOAA(XB)️","type":3,"api":"csp_XBiubiu","searchable":1,"quickSearch":1,"filterable":1,"ext":"./XB/GAOAA.json"},
{"key":"csp_biubiu_香蕉视频","name":"香蕉视频(XB)️","type":3,"api":"csp_XBiubiu","searchable":1,"quickSearch":1,"filterable":1,"ext":"./XB/香蕉视频.json"},


//{"key":"ASMR","name":"ASMR 19","type":1,"api":"http://www.asmr19.in/api.php/provide/vod/","searchable":1,"quickSearch":1,"filterable":1},
{"key":"CK资源","name":"CK资源","type":1,"api":"https://ckzy.me/api.php/provide/vod/","searchable":1,"quickSearch":1,"filterable":1},
{"key":"CK资源2","name":"CK资源2","type":1,"api":"http://www.feifei67.com/api.php/provide/vod/","searchable":1,"quickSearch":1,"filterable":1},
{"key":"JAV名优","name":"JAV名优","type":0,"api":"http://mygzycj.com/api.php?ac=list","searchable":1,"quickSearch":1,"filterable":1},
{"key":"乐播资源","name":"乐播资源","type":0,"api":"https://lbapi9.com/api.php/provide/vod/at/xml","searchable":1,"quickSearch":1,"filterable":1},

{"key":"色南国资源","name":"色南国资源","type":1,"api":"https://api.sexnguon.com/api.php/provide/vod/","searchable":1,"quickSearch":1,"filterable":1},
{"key":"狼友资源","name":"狼友资源","type":1,"api":"https://www.langyouzy.com/api.php/provide/vod/","searchable":1,"quickSearch":1,"filterable":1},
{"key":"皇冠资源","name":"皇冠资源","type":1,"api":"https://hghhh.com/api.php/provide/vod/","searchable":1,"quickSearch":1,"filterable":1},
{"key":"AIvin","name":"AIvin","type":0,"api":"http://lbapiby.com/api.php/provide/vod/at/xml","searchable":1,"quickSearch":1,"filterable":1},
{"key":"色猫资源","name":"色猫资源","type":1,"api":"https://api.maozyapi.com/inc/apijson_vod.php","searchable":1,"quickSearch":1,"filterable":1},
{"key":"葡萄资源","name":"葡萄资源","type":1,"api":"https://api.putaozy.net/inc/apijson_vod.php","searchable":1,"quickSearch":1,"filterable":1},
{"key":"淫窝资源","name":"淫窝资源","type":1,"api":"https://api.yinwoapi.com/api.php/provide/vod/","searchable":1,"quickSearch":1,"filterable":1},
{"key":"大MM资源","name":"大MM资源","type":0,"api":"https://www.dmmapi.com/home/cjapi/asd2c7/mc10/vod/xml","searchable":1,"quickSearch":1,"filterable":1},
{"key":"99资源","name":"99资源","type":1,"api":"http://99zy.pw/api.php/provide/vod/","searchable":1,"quickSearch":1,"filterable":1},
{"key":"91麻豆","name":"91麻豆","type":1,"api":"https://91md.me/api.php/provide/vod/","searchable":1,"quickSearch":1,"filterable":1},
{"key":"酷豆资源","name":"酷豆资源","type":1,"api":"https://kudouzy.com/api.php/provide/vod/","searchable":1,"quickSearch":1,"filterable":1},
{"key":"酷豆资源2","name":"酷豆资源2","type":1,"api":"https://api.kdapi.info/api.php/provide/vod/","searchable":1,"quickSearch":1,"filterable":1},
{"key":"奶茶资源","name":"奶茶资源","type":1,"api":"https://caiji.naichaapi.com/inc/apijson_vod.php","searchable":1,"quickSearch":1,"filterable":1},
{"key":"爱播资源","name":"爱播资源","type":1,"api":"https://cj.apiabzy.com/api.php/provide/vod/","searchable":1,"quickSearch":1,"filterable":1},
{"key":"美少女资源","name":"美少女资源","type":0,"api":"https://www.msnii.com/api/xml.php","searchable":1,"quickSearch":1,"filterable":1},
{"key":"淫水机资源","name":"淫水机资源","type":0,"api":"https://www.xrbsp.com/api/xml.php","searchable":1,"quickSearch":1,"filterable":1},
{"key":"香奶儿资源","name":"香奶儿资源","type":0,"api":"https://www.gdlsp.com/api/xml.php","searchable":1,"quickSearch":1,"filterable":1},
{"key":"白嫖资源","name":"白嫖资源","type":0,"api":"https://www.kxgav.com/api/xml.php","searchable":1,"quickSearch":1,"filterable":1},
{"key":"大地资源","name":"大地资源","type":0,"api":"https://dadiapi.com/api.php","searchable":1,"quickSearch":1,"filterable":1},
{"key":"环亚资源","name":"环亚资源","type":0,"api":"http://wmcj8.com/inc/sapi.php","searchable":1,"quickSearch":1,"filterable":1},
{ "key":"afasu", "name":"小湿妹资源", "type":0, "api":"https://www.afasu.com/api/xml.php","searchable":1,"quickSearch":1,"filterable":1},
{ "key":"黄AV资源", "name":"黄AV资源", "type":0, "api":"https://www.pgxdy.com/api/xml.php","searchable":1,"quickSearch":1,"filterable":1},
{"key":"色色资源","name":"色色资源","type":0,"api":"http://secj8.com/inc/sapi.php?ac=videolist","searchable":1,"quickSearch":1,"filterable":1},
{"key":"玖玖资源","name":"玖玖资源","type":0,"api":"http://99zywcj.com/inc/sapi.php?ac=videolist","searchable":1,"quickSearch":1,"filterable":1},
{"key":"狼少年","name":"狼少年","type":0,"api":"http://cjmygzy.com/inc/sapi.php?ac=videolist","searchable":1,"quickSearch":1,"filterable":1},
{"key":"佳丽资源","name":"佳丽资源","type":1,"api":"http://www.jializyzapi.com/api.php/provide/vod/","searchable":1,"quickSearch":1,"filterable":1},
{"key":"番号资源","name":"番号资源","type":1,"api":"http://fhapi9.com/api.php/provide/vod/","searchable":1,"quickSearch":1,"filterable":1},
{"key":"鲨鱼资源","name":"鲨鱼资源","type":1,"api":"https://shayuapi.com/api.php/provide/vod/","searchable":1,"quickSearch":1,"filterable":1},
{"key":"哥哥妹妹","name":"哥哥妹妹","type":0,"api":"http://www.ggmmzy.com:9999/inc/xml","searchable":1,"quickSearch":1,"filterable":1},
{"key":"丝袜资源","name":"丝袜资源","type":1,"api":"https://siwazyw.cc/api.php/provide/vod/at/json/","searchable":1,"quickSearch":1,"filterable":1},
{"key":"芒果资源","name":"芒果资源","type":1,"api":"https://mgzyz1.com/api.php/provide/vod/","searchable":1,"quickSearch":1,"filterable":1},
{"key":"KK写真资源","name":"KK写真资源","type":1,"api":"https://kkzy.me/api.php/provide/vod/","searchable":1,"quickSearch":1,"filterable":1},


{"key":"易看资源-伦理","name":"易看资源-伦理","type":1,"api":"https://api.yikanapi.com/api.php/provide/vod/","searchable":1,"quickSearch":1},
{"key":"影库资源-伦理","name":"影库资源-伦理","type":1,"api":"https://api.ykapi.net/api.php/provide/vod/?ac=list","searchable":1,"quickSearch":1,"filterable":1},
{"key":"酷伦理","name":"酷伦理-伦理","type":1,"api":"https://api.kudian70.com/api.php/provide/vod/","searchable":1,"quickSearch":1,"filterable":1},
{"key":"博天堂","name":"博天堂-伦理","type":0,"api":"http://bttcj.com/inc/sapi.php","searchable":1,"quickSearch":1,"filterable":1},

{"key":"csp_Upyunso","name":"Up云搜","type":3,"api":"csp_Upyunso","searchable":1,"playerType":1,"quickSearch":1,"filterable":1,"ext": "57a6d0febcba41c480eb14be6cfcb6f7"},
{"key":"AliPS","name":"盘搜","type":3,"api":"csp_AliPS","searchable":1,"quickSearch":1,"filterable":1,"ext": "57a6d0febcba41c480eb14be6cfcb6f7"},
{"key":"FindZY","name":"找资源","type":3,"api":"csp_Zhaozy","searchable":1,"quickSearch":1,"filterable":1,"ext": "57a6d0febcba41c480eb14be6cfcb6f7"},
{"key":"csp_Yisou","name":"易搜","type":3,"api":"csp_Yisou","searchable":1,"quickSearch":1,"filterable":1,"ext": "57a6d0febcba41c480eb14be6cfcb6f7"},
{"key":"push_agent","name":"推送","type":3,"api":"csp_PushAgent","searchable":1,"playerType":1,"quickSearch":1,"filterable":1,"ext": "57a6d0febcba41c480eb14be6cfcb6f7"}

],


"parses":[
{"name":"解析聚合","type":3,"url":"Demo"},
{"name":"Web聚合","type":3,"url":"Web"},
{"name":"Json并发","type":2,"url":"Parallel"},
{"name":"Json轮询","type":2,"url":"Sequence"},
{"name": "全能[①]","type": 0,"url": "https://jx.255tv.cn/api/?key=3t4CoYwM7x73KDaBAE&url="},

{"name": "全能[③]","type": 0,"url": "https://jx.zhanlangbu.com/?url=","ext":{"header":{"User-Agent":"okhttp/4.1.0"},"flag":["qq","腾讯","qiyi","爱奇艺","奇艺","youku","优酷","mgtv","芒果","letv","乐视","pptv","PPTV","sohu","bilibili","哔哩哔哩","哔哩"]}},

{"name":"鸿途手动解析","type":0,"url":"https://h5.freejson.xyz/player/?url=","ext":{"header":{"User-Agent":"okhttp/4.1.0"},"flag":["qq","腾讯","qiyi","爱奇艺","奇艺","youku","优酷","mgtv","芒果","letv","乐视","pptv","PPTV","sohu","bilibili","哔哩哔哩","哔哩"]}},

{"name":"鸿途手动解析2","type":0,"url":"https://h5.freejson.xyz/player/analysis.php?v=","ext":{"header":{"User-Agent":"okhttp/4.1.0"},"flag":["qq","腾讯","qiyi","爱奇艺","奇艺","youku","优酷","mgtv","芒果","letv","乐视","pptv","PPTV","sohu","bilibili","哔哩哔哩","哔哩"]}},

{"name":"PRAWIX手动解析","type":0,"url":"https://jx.bozrc.com:4433/player/?url=","ext":{"header":{"User-Agent":"okhttp/4.1.0"},"flag":["qq","腾讯","qiyi","爱奇艺","奇艺","youku","优酷","mgtv","芒果","letv","乐视","pptv","PPTV","sohu","bilibili","哔哩哔哩","哔哩"]}},

{"name":"PRAWIX手动解析2","type":0,"url":"https://vip.parwix.com:4433/player/?url=","ext":{"header":{"User-Agent":"okhttp/4.1.0"},"flag":["qq","腾讯","qiyi","爱奇艺","奇艺","youku","优酷","mgtv","芒果","letv","乐视","pptv","PPTV","sohu","bilibili","哔哩哔哩","哔哩"]}},

{"name":"酷享","type":1,"url":"http://pandown.pro/app/kxjx.php?url=","ext":{"flag":["qq","腾讯","qiyi","爱奇艺","奇艺","youku","优酷","sohu","搜狐","letv","乐视","mgtv","芒果","CL4K","renrenmi","ltnb","bilibili","1905","xigua"]}},

{"name":"江湖","type":1,"url":"http://pandown.pro/app/ysmjx.php?url=","ext":{"flag":["qq","qiyi","mgtv","youku","letv","sohu","xigua","1905","优播线路","腾播线路"],"header":{"User-Agent":"Dart/2.14 (dart:io)"}}},

{"name":"左岸","type":1,"url":"http://110.42.2.115:880/analysis/json/?uid=2100&my=cqrtwyACDGLOXY0249&mgtv=app&url=","ext":{"flag":["qq","腾讯","qiyi","爱奇艺","奇艺","youku","优酷","sohu","搜狐","letv","乐视","mgtv","芒果","CL4K","renrenmi","ltnb","bilibili","1905","xigua"]}},

{ "name": "蓝狐", "type": 1, "url":" https://json.nhusp.cn/api/?key=54R5NpHXrscmMuXeXk&url="},

{"name":"keyu","type":1,"url":"http://newjiexi.gotka.top/keyu3.php?url=","ext":{"flag":["qq","腾讯","qiyi","爱奇艺","奇艺","youku","优酷","mgtv","芒果","letv","乐视","pptv","PPTV","sohu","bilibili","哔哩哔哩","哔哩"],"header":{"User-Agent":"okhttp/4.1.0"}}},

{ "name" : "nhusp", "type" : 1, "url" : "https://json.nhusp.cn/api/?key=54R5NpHXrscmMuXeXk&url=" ,"ext":{"flag":["qq","腾讯","qiyi","爱奇艺","奇艺","youku","优酷","mgtv","芒果","letv","乐视","pptv","PPTV","sohu","bilibili","哔哩哔哩","哔哩"],"header":{"User-Agent":"okhttp/4.1.0"}}},

{ "name" : "荣兴", "type" : 1, "url" : "http://jx.dygfsdy.com/home/api?type=ys&uid=129415&key=acdmoruwxCDEKPZ679&url=" },

{ "name" : "懒懒1", "type" : 1, "url" : "http://123.57.56.94:9931/lanlan/?url=" },

{ "name" : "懒懒2", "type" : 1, "url" : "http://lanlan.ckflv.cn/?url=", "ext" : { "flag" : [ "qiyi", "qq", "letv", "sohu", "youku", "mgtv", "bilibili", "wasu", "xigua", "1905"] } },

{"name":"能解","type": 1,"url": "http://jx.vipmv.co/json.php?token=123457&url=","ext": {"flag": ["rx", "ltnb", "renrenmi", "rongxing", "bilibili", "哔哩哔哩", "哔哩", "youku", "优酷", "qiyi", "爱奇艺", "奇艺", "qq", "腾讯", "mgtv", "芒果", "sohu", "搜狐", "letv", "乐视", "xigua", "CL4K", "西瓜"]}},

{"name":"萝莉","type": 1,"url": "http://chaloli.cn/home/api?type=ys&uid=1&key=ekloswzABCGHKLOT58&url=","ext": {"flag": ["rx", "ltnb", "renrenmi", "rongxing", "bilibili", "哔哩哔哩", "哔哩", "youku", "优酷", "qiyi", "爱奇艺", "奇艺", "qq", "腾讯", "mgtv", "芒果", "sohu", "搜狐", "letv", "乐视", "xigua", "CL4K", "西瓜"]}},

{"name":"直解","type":1,"url": "http://rxjx.kuanjv.com/allm3u8.php?url=","ext": {"flag": ["rx", "ltnb", "renrenmi", "rongxing", "bilibili", "哔哩哔哩", "哔哩", "youku", "优酷", "qiyi", "爱奇艺", "奇艺", "qq", "腾讯", "mgtv", "芒果", "sohu", "搜狐", "letv", "乐视", "xigua", "CL4K", "西瓜"]}},

{"name":"rxvip","type":1,"url": "https://vip.rongxingvr.top/api/?key=CwQXkIXGfaUNGVomez&url=","ext": {"flag": ["rx", "ltnb", "renrenmi", "rongxing", "bilibili", "哔哩哔哩", "哔哩", "youku", "优酷", "qiyi", "爱奇艺", "奇艺", "qq", "腾讯", "mgtv", "芒果", "sohu", "搜狐", "letv", "乐视", "xigua", "CL4K", "西瓜"]}},

{"name":"极速[①]","type":1,"url":" http://1.117.111.78:93/home/api?type=ys&uid=24751&key=mqsuvzEFHLMQRWXZ28&url=","ext":{"header":{"User-Agent":"okhttp/4.1.0"},"flag":["qq","腾讯","qiyi","爱奇艺","奇艺","youku","优酷","mgtv","芒果","letv","乐视","pptv","PPTV","sohu","bilibili","哔哩哔哩","哔哩"]}},

{"name": "测试[②]","type": 1,"url": "http://1.117.111.78:93/home/api?type=ys&uid=24751&key=demntvwzBCKLOPRSY3&url=","ext":{"header":{"User-Agent":"okhttp/4.1.0"},"flag":["qq","腾讯","qiyi","爱奇艺","奇艺","youku","优酷","mgtv","芒果","letv","乐视","pptv","PPTV","sohu","bilibili","哔哩哔哩","哔哩"]}},

{"name": "极速[②]","type": 1,"url": "https://play.fuqizhishi.com/juhe/API.php?appkey=caijijuhe220902&url="
},

{"name": "智能[①]","type": 1,"url": "http://211.99.99.236:4567/jhjson/ceshi.php?url=","ext":{"header":{"User-Agent":"okhttp/4.1.0"},"flag":["qq","腾讯","qiyi","爱奇艺","奇艺","youku","优酷","mgtv","芒果","letv","乐视","pptv","PPTV","sohu","bilibili","哔哩哔哩","哔哩"]}},

{"name": "智能[③]","type": 1,"url": "http://api.ckflv.cn/?url=","ext":{"header":{"User-Agent":"okhttp/4.1.0"},"flag":["qq","腾讯","qiyi","爱奇艺","奇艺","youku","优酷","mgtv","芒果","letv","乐视","pptv","PPTV","sohu","bilibili","哔哩哔哩","哔哩"]}},

{"name": "智能[④]","type": 1,"url": "https://json.freejx.in/?url=","ext":{"header":{"User-Agent":"okhttp/4.1.0"},"flag":["qq","腾讯","qiyi","爱奇艺","奇艺","youku","优酷","mgtv","芒果","letv","乐视","pptv","PPTV","sohu","bilibili","哔哩哔哩","哔哩"]}},

{"name": "备用[①]","type": 1,"url": "https://jx.255tv.cn/api/?key=ZMQ3AzFpKsCal5aoqa&url="},

{"name": "备用[②]","type": 1,"url": "https://k.json.icu/home/api?type=ys&uid=12523586&key=bhjlntBEIJKLPQW146&url="},

{"name": "备用[③]","type": 1,"url": "https://k.json.icu/home/api?type=ys&uid=13483004&key=cghjkqrsyKPRV12356&url="},

{"name": "rx2","type": 1,"url": "http://rxjx.kuanjv.com/allm3u8.php?url="},

{"name": "宝盒TV","type": 1,"url": "https://jx.52ruo.cc/json/?id=6&url="}
],


"rules":[
{
"host":"www.djuu.com",
"rule":[
"mp4.djuu.com",
"m4a"]
},
{
"host":"m.ysxs8.vip",
"rule":[
"ysting.ysxs8.vip:81",
"xmcdn.com"],
"filter":[
]
},
{
"host":"hdmoli.com",
"rule":[
".m3u8"]
},
{
"host":"https://api.live.bilibili.com",
"rule":[
"bilivideo.com",
"/index.m3u8"],
"filter":[
"data.bilibili.com/log/web",
"i0.hdslb.com/bfs/live/"]
},
{
"host":"www.agemys.cc",
"rule":[
"cdn-tos",
"obj/tos-cn"]
},
{
"host":"www.fun4k.com",
"rule":[
"https://hd.ijycnd.com/play",
"index.m3u8"]
},
{
"host":"zjmiao.com",
"rule":[
"play.videomiao.vip/API.php",
"time=",
"key=",
"path="]
},
{
"host":"*",
"rule":[
"default.365yg.com"]
},
{
"host":"dyxs20.com",
"rule":[
".m3u8"]
},
{
"host":"www.sharenice.net",
"rule":[
"http.*?/play.{0,3}\\?[^url]{2,8}=.*"]
},
{
"host":"www.sharenice.net",
"rule":[
"sovv.qianpailive.com",
"vid="],
"filter":[
]
},
{
"host":"www.sharenice.net",
"rule":[
"qianpailive.com",
"vid="]
},
{
"host":"www.sharenice.net",
"rule":[
"douyin.com",
"/play/"]
},
{
"host":"*",
"rule":[
"douyin.com/aweme",
"video_id="]
},
{
"host":"www.sharenice.net",
"rule":[
"huoshan.com",
"/item/video/"],
"filter":[
]
},
{
"host":"*",
"rule":[
"http((?!http).){12,}?\\.(m3u8|mp4|flv|avi|mkv|rm|wmv|mpg|m4a)\\?.*"]
},
{
"host":"*",
"rule":[
"http((?!http).){12,}\\.(m3u8|mp4|flv|avi|mkv|rm|wmv|mpg|m4a)"]
}
],


"flags":["imgo","youku","qq","iqiyi","qiyi","fun","letv","leshi","sohu","tudou","xigua","cntv","1905","pptv","mgtv","wasu","bilibili","renrenmi"
],
"hotSearch":[
{
"name":"mobilesearch",
"request":{
"method":"GET",
"header":[
{
"key":"Referer",
"value":"https://boXPy.once678.repl.co"
}
],
"url":{
"raw":"https://boXPy.once678.repl.co/hotsugg?t={time}"
}
},
"response":{
"result":"$.data",
"data":[
{
"key":"keyword",
"value":"title"
}
]
}
}
],
"sniffer":{
"userAgent":"Mozilla/5.0(WindowsNT10.0;Win64;x64)AppleWebKit/537.36(KHTML,likeGecko)Chrome/105.0.0.0Safari/537.36Edg/105.0.1343.27",
"isVideoFormat":"http((?!http).){26,}\\.(m3u8|mp4|flv|avi|mkv|wmv|mpg|mpeg|mov|ts|3gp|rm|rmvb|asf|m4a|mp3|wma)",
"custom":[
{
"url":"/Cloud/Down/AliCloud/",
"mimeType":"text/html",
"encoding":"utf-8",
"header":{
"Referer":"https://zxzj.vip/"
}
}
]
},

// 每日一言 (随机显示欢迎语)
"dairyWords":[
{
"name":"rating",
"request":{
"method":"GET",
"url":{
"raw":"https://saying.api.azwcl.com/saying/get"
}
},
"response":{
"result":"$.data.content"
},
"eXPires":"43200"
}
],

//首页推荐视频(IMDbPopularMovies)
"recommend":[{
"name":"imdb",
"request":{
"method":"GET",
"url":{
"raw":"https://imdb-api.com/en/API/MostPopularMovies/k_1kz039kt"
}
},
"response":{
"result":"$.items",
"data":[{
"key":"name",
"value":"title"
},
{
"key":"note",
"value":"imDbRating"
},
{
"key":"pic",
"value":"image"
}]
},
"eXPires":"86400"
}],

//首页推荐视频(豆瓣)
"recommend":[{
"name":"豆瓣推荐",
"request":{
"method":"GET",
"header":[{
"key":"Referer",
"value":"https://movie.douban.com/"
}],
"url":{
"raw":"https://movie.douban.com/j/new_search_subjects?sort=U&range=0,10&tags=&playable=1&start=0&year_range=2022,2022"
}
},
"response":{
"result":"$.data",
"data":[{
"key":"name",
"value":"title"
},
{
"key":"note",
"value":"rate"
},
{
"key":"pic",
"value":"cover"
}]
},
"eXPires":"86400"
}],

// 评分 (数据来自 豆瓣)
"rating":[{
"name":"rating",
"request":{
"method":"GET",
"url":{
"raw":"https://api.wmdb.tv/api/v1/movie/search?q={name}&limit=1"
}
},
"response":{
"result":"this",
"data":[{
"key":"rating",
"value":"doubanRating"
}]
}
}],

// 输入法智能联想接口
//"association":[],

// 中文分词接口
"pullWord":[{
"name":"pullWord",
"request":{
"method":"GET",
"url":{
"raw":"http://api.pullword.com/get.php?source={source}&param1=0&param2=0&json=1"
}
},
"response":{
"data":[{
"key":"keyword",
"value":"t"
}]
}
}],

// 字幕格式 (可选)
"subtitle":{"color":"#FFFFFF","size":"30"},

"dr_count":36,
"mode":0,
"ijk":[
{"group":"软解码","options":[
{"category":4,"name":"opensles","value":"0"},
{"category":4,"name":"overlay-format","value":"842225234"},
{"category":4,"name":"framedrop","value":"1"},
{"category":4,"name":"soundtouch","value":"1"},
{"category":4,"name":"start-on-prepared","value":"1"},
{"category":1,"name":"http-detect-range-support","value":"0"},
{"category":1,"name":"fflags","value":"fastseek"},
{"category":2,"name":"skip_loop_filter","value":"48"},
{"category":4,"name":"reconnect","value":"1"},
{"category":4,"name":"enable-accurate-seek","value":"0"},
{"category":4,"name":"mediacodec","value":"0"},
{"category":4,"name":"mediacodec-auto-rotate","value":"0"},
{"category":4,"name":"mediacodec-handle-resolution-change","value":"0"},
{"category":4,"name":"mediacodec-hevc","value":"0"},
{"category":1,"name":"dns_cache_timeout","value":"600000000"}
]},
{"group":"硬解码","options":[
{"category":4,"name":"opensles","value":"0"},
{"category":4,"name":"overlay-format","value":"842225234"},
{"category":4,"name":"framedrop","value":"1"},
{"category":4,"name":"soundtouch","value":"1"},
{"category":4,"name":"start-on-prepared","value":"1"},
{"category":1,"name":"http-detect-range-support","value":"0"},
{"category":1,"name":"fflags","value":"fastseek"},
{"category":2,"name":"skip_loop_filter","value":"48"},
{"category":4,"name":"reconnect","value":"1"},
{"category":4,"name":"enable-accurate-seek","value":"0"},
{"category":4,"name":"mediacodec","value":"1"},
{"category":4,"name":"mediacodec-auto-rotate","value":"1"},
{"category":4,"name":"mediacodec-handle-resolution-change","value":"1"},
{"category":4,"name":"mediacodec-hevc","value":"1"},
{"category":1,"name":"dns_cache_timeout","value":"600000000"}
]}
],
"ads":["mimg.0c1q0l.cn","www.googletagmanager.com","www.google-analytics.com","mc.usihnbcq.cn","mg.g1mm3d.cn","mscs.svaeuzh.cn","cnzz.hhttm.top","tp.vinuxhome.com","cnzz.mmstat.com","www.baihuillq.com","s23.cnzz.com","z3.cnzz.com","c.cnzz.com","stj.v1vo.top","z12.cnzz.com","img.mosflower.cn","tips.gamevvip.com","ehwe.yhdtns.com","xdn.cqqc3.com","www.jixunkyy.cn","sp.chemacid.cn","hm.baidu.com","s9.cnzz.com","z6.cnzz.com","um.cavuc.com","mav.mavuz.com","wofwk.aoidf3.com","z5.cnzz.com","xc.hubeijieshikj.cn","tj.tianwenhu.com","xg.gars57.cn","k.jinxiuzhilv.com","cdn.bootcss.com","ppl.xunzhuo123.com","xomk.jiangjunmh.top","img.xunzhuo123.com","z1.cnzz.com","s13.cnzz.com","xg.huataisangao.cn","z7.cnzz.com","xg.huataisangao.cn","z2.cnzz.com","s96.cnzz.com","q11.cnzz.com","thy.dacedsfa.cn","xg.whsbpw.cn","s19.cnzz.com","z8.cnzz.com","s4.cnzz.com","f5w.as12df.top","ae01.alicdn.com","www.92424.cn","k.wudejia.com","vivovip.mmszxc.top","qiu.xixiqiu.com","cdnjs.hnfenxun.com","cms.qdwght.com"]
}