{
"作者":"张弘",
"站名":"400影视",
"主页url":"https://400mov.com",
"图片":"data-src=\"&&\"",
"标题":"alt=\"&&\"",
"链接":"href=\"&&\"",
"副标题":"class=\"tag*\">&&</div>",
"搜索url":"https://400mov.com/search?q={wd}&sitesearch=",
"搜索模式":"1",
"搜索图片":"data-src=\"&&\"",
"搜索标题":"alt=\"&&\"",
"搜索链接":"href=\"&&\"",
"搜索副标题":"class=\"tag*\">&&</div>",
//"搜索后缀":"/bxtv/",
"线路数组":"<div class=\"title\"&&</div>",
"线路标题":">&&<span",
//"播放数组":"<div class=\"list\">&&</div>",
"直接播放":"1",
"影片地区":"地區：&&</div>",
"影片年代":"年份：&&</div>",
"导演":"導演：&&</div>",
"主演":"演員：&&</div>",
"简介":"簡介：&&</div>",
"免嗅":"0",
"分类url":"https://400mov.com/cat/{cateId}-{catePg}.html",
"分类":"电影$10#电视剧$11#综艺$12#动漫$13#福利$15",
"筛选":
{
"10":[
{
"key":"cateId",
"name":"类型",
"value":[
{"v":"10","n":"全部電影"},
{"v":"1001","n":"動作片"},
{"v":"1002","n":"喜劇片"},
{"v":"1003","n":"愛情片"},
{"v":"1004","n":"科幻片"},
{"v":"1005","n":"恐怖片"},
{"v":"1006","n":"劇情片"},
{"v":"1007","n":"戰爭片"},
{"v":"1008","n":"紀錄片"},
{"v":"1009","n":"微電影"},
{"v":"1010","n":"動漫電影"},
{"v":"1011","n":"奇幻片"},
{"v":"1013","n":"動畫片"},
{"v":"1014","n":"犯罪片"},
{"v":"1016","n":"懸疑片"},
{"v":"1017","n":"歐美片"},
{"v":"1019","n":"邵氏電影"}
]
}
],
"11":[
{
"key":"cateId",
"name":"类型",
"value":[
{"v":"11","n":"全部連續劇"},
{"v":"1101","n":"國產劇"},
{"v":"1102","n":"香港劇"},
{"v":"1105","n":"台灣劇"},
{"v":"1103","n":"韓國劇"},
{"v":"1104","n":"歐美劇"},
{"v":"1106","n":"日本劇"},
{"v":"1108","n":"泰國劇"},
{"v":"1110","n":"港台劇"},
{"v":"1111","n":"日韓劇"},
{"v":"1112","n":"東南亞劇"},
{"v":"1107","n":"海外劇"}
]
}
],
"12":[
{
"key":"cateId",
"name":"类型",
"value":[
{"v":"12","n":"全部綜藝"},
{"v":"1201","n":"內地綜藝"},
{"v":"1202","n":"港台綜藝"},
{"v":"1203","n":"日韓綜藝"},
{"v":"1204","n":"歐美綜藝"},
{"v":"1205","n":"國外綜藝"}
]
}
],
"13":[
{
"key":"cateId",
"name":"类型",
"value":[
{"v":"13","n":"全部動漫"},
{"v":"1301","n":"國產動漫"},
{"v":"1302","n":"日韓動漫"},
{"v":"1303","n":"歐美動漫"},
{"v":"1305","n":"海外動漫"},
{"v":"1307","n":"裏番"}
]
}
],
"15":[
{
"key":"cateId",
"name":"类型",
"value":[
{"v":"15","n":"全部福利"},
{"v":"1551","n":"韓國情色片"},
{"v":"1552","n":"日本情色片"},
{"v":"1555","n":"大陸情色片"},
{"v":"1553","n":"香港情色片"},
{"v":"1554","n":"台灣情色片"},
{"v":"1556","n":"美國情色片"},
{"v":"1557","n":"歐洲情色片"},
{"v":"1558","n":"印度情色片"},
{"v":"1559","n":"東南亞情色片"},
{"v":"1550","n":"其它情色片"},
{"v":"1502","n":"美女寫真"},
{"v":"1503","n":"主播美女"}
]
}
]
}
}