{
"name":"床吧",
"shouye":"1",
"url":"https://chuangba20.xyz",
"fenlei":"国产精品$/index.php/vod/type/id/50/page/#亚洲无码$/index.php/vod/type/id/2/page/#中文字幕$/index.php/vod/type/id/3/page/#美女主播$/index.php/vod/type/id/4/page/#动漫卡通$/index.php/vod/type/id/5/page/#人妻熟女$/index.php/vod/type/id/42/page/#重口味$/index.php/vod/type/id/43/page/#三级伦理$/index.php/vod/type/id/44/page/#精选口爆$/index.php/vod/type/id/54/page/#精品亚洲$/index.php/vod/type/id/53/page/#亚洲有码$/index.php/vod/type/id/47/page/#欧美情色$/index.php/vod/type/id/48/page/#同性同志$/index.php/vod/type/id/52/page/#91大神$/index.php/vod/type/id/51/page/#精品欧美$/index.php/vod/type/id/55/page/#AV解说$/index.php/vod/type/id/56/page/",
"houzhui":".html",
"shifouercijiequ": "0",
  "jiequqian": "空",
  "jiequhou": "空",
  "jiequshuzuqian": "class=\"video\">",
  "jiequshuzuhou": "</div>",
  "tupianqian": "src=\"",
  "tupianhou": "\"",
  "biaotiqian": "title=\"",
  "biaotihou": "\"",
  "lianjieqian": "href=\"",
  "lianjiehou": "\"",
  "sousuoqian": "/index.php/ajax/suggest?mid=1&wd=",
  "sousuohou": "&limit=500",
  "sousuohouzhui": "/index.php/vod/detail/id/",
  "ssmoshi": "0",
  "sousuoshifouercijiequ": "0",
  "jspic": "pic",
  "jsname": "name",
  "jsid": "id",
  "ssjiequqian": "空",
  "ssjiequhou": "空",
  "ssjiequshuzuqian": "空",
  "ssjiequshuzuhou": "空",
  "sstupianqian": "空",
  "sstupianhou": "空",
  "ssbiaotiqian": "空",
  "ssbiaotihou": "空",
  "sslianjieqian": "空",
  "sslianjiehou": "空",
  "bfshifouercijiequ": "0",
  "bfjiequqian": "空",
  "bfjiequhou": "空",
  "zhuangtaiqian": " class=\"text-red\">",
  "zhuangtaihou": "</span>",
  "daoyanqian": "导演：",
  "daoyanhou": "</p>",
  "zhuyanqian": "主演：",
  "zhuyanhou": "</p>",
  "juqingqian": "空",
  "juqinghou": "空",
  "bfjiequshuzuqian": "class=\"panel-body panel-padding\">",
  "bfjiequshuzuhou": "</div>",
  "bfyshifouercijiequ": "0",
  "bfyjiequqian": "空",
  "bfyjiequhou": "空",
  "bfyjiequshuzuqian": "class=\"pic\">",
  "bfyjiequshuzuhou": "</a>",
  "bfbiaotiqian": "title=\"",
  "bfbiaotihou": "\"",
  "bflianjieqian": "href=\"",
  "bflianjiehou": "\""
}