{
  "name": "悠久影院",
  "url": "https://m.e99w.com",
  "User": "空",
    "fenlei": "电视剧$/list/2/page/#电影$/list/1/page/#动漫$/list/3/page/#综艺$/list/4/page/",
  "houzhui": ".html",
  "shouye": "1",
  "shifouercijiequ": "0",
  "jiequqian": "空",
  "jiequhou": "空",
  "jiequshuzuqian": "<a class=\"stui-vodlist__thumb",
  "jiequshuzuhou": "</a>",
  "tupianqian": "original=\"",
  "tupianhou": "\"",
  "biaotiqian": "title=\"",
  "biaotihou": "\"",
  "fubiaotiqian": "text-right\">",
  "fubiaotihou": "</span>",
"lianjieqian": "href=\"/vod/",    "lianjiehou": ".html",
"ljqianzhui": "https://m.e99w.com/play/",
"ljhouzhui": "-1-1.html",
  "sousuohouzhui": "/vod/",
  "jspic": "pic",
  "jsname": "name",
  "jsid": "id",
  "sousuoqian": "/index.php/ajax/suggest?mid=1&wd=",
  "sousuohou": "&limit=500",
  "ssmoshi": "0",
  "sousuoshifouercijiequ": "0",
  "ssjiequqian": "空",
  "ssjiequhou": "空",
  "ssjiequshuzuqian": "空",
  "ssjiequshuzuhou": "空",
  "sstupianqian": "空",
  "sstupianhou": "空",
  "ssbiaotiqian": "空",
  "ssbiaotihou": "空",
  "sslianjieqian": "空",
  "sslianjiehou": "空",
"xlshifouercijiequ": "0",
"xljiequqian": "",
"xljiequhou": "",
"xljiequshuzuqian": "<ul class=\"dropdown-menu\"",
"xljiequshuzuhou": "</ul>",
"xlbiaotiqian": ";\">",
"xlbiaotihou": "</a>",
  "bfshifouercijiequ": "0",
  "bfjiequqian": "空",
  "bfjiequhou": "空",
  "bfjiequshuzuqian": "class=\"stui-content__playlist clearfix\">",
  "bfjiequshuzuhou": "</ul>",
  "zhuangtaiqian": "<p class=\"data\">",
  "zhuangtaihou": "</p>",
  "daoyanqian": "导演：",
  "daoyanhou": "</p>",
  "zhuyanqian": "主演：",
  "zhuyanhou": "</p>",
"juqingqian": "class=\"col-pd\">",    "juqinghou": "</div>",
  "bfyshifouercijiequ": "0",
  "bfyjiequqian": "",
  "bfyjiequhou": "",
  "bfyjiequshuzuqian": "<a",
  "bfyjiequshuzuhou": "/a>",
  "bfbiaotiqian": ">",
  "bfbiaotihou": "<",
  "bflianjieqian": "href=\"",
  "bflianjiehou": "\""
}